date,project,downloads
2022-09-21,pandas,3748256
2022-09-21,prophet,57893
2022-09-22,pandas,3646234
2022-09-22,prophet,53398
2022-09-23,pandas,3545304
2022-09-23,prophet,43286
2022-09-24,pandas,2539460
2022-09-24,prophet,34657
2022-09-25,pandas,2354218
2022-09-25,prophet,44439
2022-09-26,pandas,3448818
2022-09-26,prophet,56364
2022-09-27,pandas,3598281
2022-09-27,prophet,53016
2022-09-28,pandas,3726415
2022-09-28,prophet,63125
2022-09-29,pandas,3761020
2022-09-29,prophet,66651
2022-09-30,pandas,3459365
2022-09-30,prophet,48917
2022-10-01,pandas,2510751
2022-10-01,prophet,30529
2022-10-02,pandas,2372827
2022-10-02,prophet,34638
2022-10-03,pandas,3556546
2022-10-03,prophet,43590
2022-10-04,pandas,3710857
2022-10-04,prophet,49414
2022-10-05,pandas,3601902
2022-10-05,prophet,56717
2022-10-06,pandas,3822697
2022-10-06,prophet,45727
2022-10-07,pandas,3571859
2022-10-07,prophet,54813
2022-10-08,pandas,2526839
2022-10-08,prophet,40571
2022-10-09,pandas,2421353
2022-10-09,prophet,45537
2022-10-10,pandas,3356447
2022-10-10,prophet,59248
2022-10-11,pandas,3662990
2022-10-11,prophet,51759
2022-10-12,pandas,3671296
2022-10-12,prophet,45272
2022-10-13,pandas,3742586
2022-10-13,prophet,50165
2022-10-14,pandas,3583181
2022-10-14,prophet,56450
2022-10-15,pandas,2512437
2022-10-15,prophet,35323
2022-10-16,pandas,2509871
2022-10-16,prophet,27486
2022-10-17,pandas,3861021
2022-10-17,prophet,46255
2022-10-18,pandas,3806920
2022-10-18,prophet,42665
2022-10-19,pandas,3931938
2022-10-19,prophet,42659
2022-10-20,pandas,3977134
2022-10-20,prophet,52099
2022-10-21,pandas,3892447
2022-10-21,prophet,50350
2022-10-22,pandas,2741411
2022-10-22,prophet,24917
2022-10-23,pandas,2544214
2022-10-23,prophet,39377
2022-10-24,pandas,3729182
2022-10-24,prophet,58586
2022-10-25,pandas,3896617
2022-10-25,prophet,50409
2022-10-26,pandas,3850471
2022-10-26,prophet,40755
2022-10-27,pandas,3806103
2022-10-27,prophet,48208
2022-10-28,pandas,3672842
2022-10-28,prophet,45479
2022-10-29,pandas,2725291
2022-10-29,prophet,23501
2022-10-30,pandas,2554576
2022-10-30,prophet,28108
2022-10-31,pandas,4027104
2022-10-31,prophet,41101
2022-11-01,pandas,3729136
2022-11-01,prophet,44004
2022-11-02,pandas,3768599
2022-11-02,prophet,46383
2022-11-03,pandas,3890238
2022-11-03,prophet,48478
2022-11-04,pandas,3768508
2022-11-04,prophet,53502
2022-11-05,pandas,2721356
2022-11-05,prophet,48493
2022-11-06,pandas,2621892
2022-11-06,prophet,56952
2022-11-07,pandas,3776202
2022-11-07,prophet,66859
2022-11-08,pandas,3920544
2022-11-08,prophet,60718
2022-11-09,pandas,3914079
2022-11-09,prophet,58571
2022-11-10,pandas,3914733
2022-11-10,prophet,58375
2022-11-11,pandas,3562119
2022-11-11,prophet,111046
2022-11-12,pandas,2703572
2022-11-12,prophet,55581
2022-11-13,pandas,2567761
2022-11-13,prophet,55096
2022-11-14,pandas,3767555
2022-11-14,prophet,70228
2022-11-15,pandas,4019962
2022-11-15,prophet,92101
2022-11-16,pandas,3896381
2022-11-16,prophet,112150
2022-11-17,pandas,3940302
2022-11-17,prophet,89811
2022-11-18,pandas,3786075
2022-11-18,prophet,62230
2022-11-19,pandas,2658897
2022-11-19,prophet,49763
2022-11-20,pandas,2542488
2022-11-20,prophet,55072
2022-11-21,pandas,3686489
2022-11-21,prophet,70611
2022-11-22,pandas,3896766
2022-11-22,prophet,69384
2022-11-23,pandas,3832791
2022-11-23,prophet,65227
2022-11-24,pandas,3420017
2022-11-24,prophet,58598
2022-11-25,pandas,3139688
2022-11-25,prophet,58379
2022-11-26,pandas,2405101
2022-11-26,prophet,50416
2022-11-27,pandas,2414810
2022-11-27,prophet,51371
2022-11-28,pandas,3645686
2022-11-28,prophet,62759
2022-11-29,pandas,3807482
2022-11-29,prophet,50763
2022-11-30,pandas,3890396
2022-11-30,prophet,49893
2022-12-01,pandas,3912825
2022-12-01,prophet,48823
2022-12-02,pandas,3731373
2022-12-02,prophet,48026
2022-12-03,pandas,2760458
2022-12-03,prophet,32545
2022-12-04,pandas,2494841
2022-12-04,prophet,36087
2022-12-05,pandas,3719067
2022-12-05,prophet,48634
2022-12-06,pandas,4007302
2022-12-06,prophet,54324
2022-12-07,pandas,4040981
2022-12-07,prophet,64916
2022-12-08,pandas,3906030
2022-12-08,prophet,49178
2022-12-09,pandas,3741260
2022-12-09,prophet,49442
2022-12-10,pandas,2702305
2022-12-10,prophet,33054
2022-12-11,pandas,2588847
2022-12-11,prophet,37382
2022-12-12,pandas,3842590
2022-12-12,prophet,52014
2022-12-13,pandas,4085448
2022-12-13,prophet,53798
2022-12-14,pandas,4177392
2022-12-14,prophet,54988
2022-12-15,pandas,4001711
2022-12-15,prophet,53064
2022-12-16,pandas,3767619
2022-12-16,prophet,45169
2022-12-17,pandas,2784697
2022-12-17,prophet,29817
2022-12-18,pandas,2692547
2022-12-18,prophet,35249
2022-12-19,pandas,4020779
2022-12-19,prophet,48898
2022-12-20,pandas,3945525
2022-12-20,prophet,50963
2022-12-21,pandas,4006574
2022-12-21,prophet,53771
2022-12-22,pandas,3859686
2022-12-22,prophet,48863
2022-12-23,pandas,3252228
2022-12-23,prophet,36488
2022-12-24,pandas,2522151
2022-12-24,prophet,27523
2022-12-25,pandas,2437788
2022-12-25,prophet,30683
2022-12-26,pandas,2836363
2022-12-26,prophet,35321
2022-12-27,pandas,3051378
2022-12-27,prophet,38443
2022-12-28,pandas,3137369
2022-12-28,prophet,43777
2022-12-29,pandas,3100938
2022-12-29,prophet,36509
2022-12-30,pandas,3213626
2022-12-30,prophet,38826
2022-12-31,pandas,2539676
2022-12-31,prophet,29332
2023-01-01,pandas,2487931
2023-01-01,prophet,30308
2023-01-02,pandas,2927392
2023-01-02,prophet,33714
2023-01-03,pandas,3545366
2023-01-03,prophet,38861
2023-01-04,pandas,3829296
2023-01-04,prophet,41038
2023-01-05,pandas,4123944
2023-01-05,prophet,46208
2023-01-06,pandas,3872923
2023-01-06,prophet,43890
2023-01-07,pandas,2900573
2023-01-07,prophet,31022
2023-01-08,pandas,2812515
2023-01-08,prophet,34135
2023-01-09,pandas,4068417
2023-01-09,prophet,48323
2023-01-10,pandas,3979649
2023-01-10,prophet,47612
2023-01-11,pandas,4141260
2023-01-11,prophet,51479
2023-01-12,pandas,3957498
2023-01-12,prophet,48104
2023-01-13,pandas,3602396
2023-01-13,prophet,41902
2023-01-14,pandas,2736462
2023-01-14,prophet,27089
2023-01-15,pandas,2778586
2023-01-15,prophet,37460
2023-01-16,pandas,3611113
2023-01-16,prophet,48142
2023-01-17,pandas,4055360
2023-01-17,prophet,62814
2023-01-18,pandas,4223534
2023-01-18,prophet,59339
2023-01-19,pandas,4190113
2023-01-19,prophet,72735
2023-01-20,pandas,3869125
2023-01-20,prophet,61115
2023-01-21,pandas,2746877
2023-01-21,prophet,32251
2023-01-22,pandas,2624944
2023-01-22,prophet,35684
2023-01-23,pandas,3943251
2023-01-23,prophet,64709
2023-01-24,pandas,4326246
2023-01-24,prophet,58547
2023-01-25,pandas,4188172
2023-01-25,prophet,64544
2023-01-26,pandas,3735138
2023-01-26,prophet,58822
2023-01-27,pandas,3827068
2023-01-27,prophet,52516
2023-01-28,pandas,2789730
2023-01-28,prophet,51950
2023-01-29,pandas,2581303
2023-01-29,prophet,34347
2023-01-30,pandas,3785353
2023-01-30,prophet,50514
2023-01-31,pandas,4158785
2023-01-31,prophet,48234
2023-02-01,pandas,4170174
2023-02-01,prophet,50161
2023-02-02,pandas,4102166
2023-02-02,prophet,47427
2023-02-03,pandas,3896993
2023-02-03,prophet,40479
2023-02-04,pandas,2780934
2023-02-04,prophet,27828
2023-02-05,pandas,2612356
2023-02-05,prophet,31827
2023-02-06,pandas,3848311
2023-02-06,prophet,50210
2023-02-07,pandas,3994696
2023-02-07,prophet,49906
2023-02-08,pandas,4091483
2023-02-08,prophet,60646
2023-02-09,pandas,4068968
2023-02-09,prophet,49277
2023-02-10,pandas,3943851
2023-02-10,prophet,44603
2023-02-11,pandas,2799842
2023-02-11,prophet,25479
2023-02-12,pandas,2659805
2023-02-12,prophet,29415
2023-02-13,pandas,3945891
2023-02-13,prophet,49939
2023-02-14,pandas,4054094
2023-02-14,prophet,67060
2023-02-15,pandas,3973183
2023-02-15,prophet,55767
2023-02-16,pandas,4083744
2023-02-16,prophet,53437
2023-02-17,pandas,3936886
2023-02-17,prophet,42045
2023-02-18,pandas,2603949
2023-02-18,prophet,27695
2023-02-19,pandas,2530415
2023-02-19,prophet,32458
2023-02-20,pandas,3742938
2023-02-20,prophet,53944
2023-02-21,pandas,4073731
2023-02-21,prophet,51143
2023-02-22,pandas,4255091
2023-02-22,prophet,51223
2023-02-23,pandas,4283344
2023-02-23,prophet,68319
2023-02-24,pandas,4075891
2023-02-24,prophet,49488
2023-02-25,pandas,2804189
2023-02-25,prophet,24618
2023-02-26,pandas,2601577
2023-02-26,prophet,25993
2023-02-27,pandas,4081452
2023-02-27,prophet,43503
2023-02-28,pandas,4267507
2023-02-28,prophet,46271
2023-03-01,pandas,4253405
2023-03-01,prophet,53255
2023-03-02,pandas,4269441
2023-03-02,prophet,50234
2023-03-03,pandas,4071090
2023-03-03,prophet,46398
2023-03-04,pandas,2941437
2023-03-04,prophet,25604
2023-03-05,pandas,2707382
2023-03-05,prophet,31661
2023-03-06,pandas,4079390
2023-03-06,prophet,66003
2023-03-07,pandas,4403205
2023-03-07,prophet,69235
2023-03-08,pandas,4027404
2023-03-08,prophet,67707
2023-03-09,pandas,4282227
2023-03-09,prophet,75733
2023-03-10,pandas,4022582
2023-03-10,prophet,52150
2023-03-11,pandas,2698161
2023-03-11,prophet,27538
2023-03-12,pandas,2649647
2023-03-12,prophet,37269
2023-03-13,pandas,4026947
2023-03-13,prophet,73028
2023-03-14,pandas,4286421
2023-03-14,prophet,68623
2023-03-15,pandas,4307275
2023-03-15,prophet,59850
2023-03-16,pandas,4259539
2023-03-16,prophet,51288
2023-03-17,pandas,3953631
2023-03-17,prophet,45501
2023-03-18,pandas,2851326
2023-03-18,prophet,25298
2023-03-19,pandas,2842168
2023-03-19,prophet,29333
2023-03-20,pandas,4054283
2023-03-20,prophet,53785
2023-03-21,pandas,4157200
2023-03-21,prophet,99452
2023-03-22,pandas,4131383
2023-03-22,prophet,69135
2023-03-23,pandas,4122626
2023-03-23,prophet,49740
2023-03-24,pandas,3965476
2023-03-24,prophet,72081
2023-03-25,pandas,2731557
2023-03-25,prophet,49039
2023-03-26,pandas,2585187
2023-03-26,prophet,64274
2023-03-27,pandas,3865754
2023-03-27,prophet,92253
2023-03-28,pandas,4225336
2023-03-28,prophet,92701
2023-03-29,pandas,4057410
2023-03-29,prophet,64937
2023-03-30,pandas,4192036
2023-03-30,prophet,50235
2023-03-31,pandas,3945136
2023-03-31,prophet,37141
2023-04-01,pandas,2816444
2023-04-01,prophet,26011
2023-04-02,pandas,2608514
2023-04-02,prophet,30832
2023-04-03,pandas,3971052
2023-04-03,prophet,46774
2023-04-04,pandas,4286679
2023-04-04,prophet,46801
2023-04-05,pandas,4401794
2023-04-05,prophet,53203
2023-04-06,pandas,4110059
2023-04-06,prophet,49137
2023-04-07,pandas,3481799
2023-04-07,prophet,35979
2023-04-08,pandas,2654752
2023-04-08,prophet,23163
2023-04-09,pandas,2597458
2023-04-09,prophet,27627
2023-04-10,pandas,3687069
2023-04-10,prophet,52833
2023-04-11,pandas,4202005
2023-04-11,prophet,51325
2023-04-12,pandas,4227022
2023-04-12,prophet,58154
2023-04-13,pandas,4198135
2023-04-13,prophet,69830
2023-04-14,pandas,3998648
2023-04-14,prophet,45009
2023-04-15,pandas,2734702
2023-04-15,prophet,23614
2023-04-16,pandas,2618459
2023-04-16,prophet,29915
2023-04-17,pandas,3943941
2023-04-17,prophet,54266
2023-04-18,pandas,4207612
2023-04-18,prophet,56685
2023-04-19,pandas,4277283
2023-04-19,prophet,53732
2023-04-20,pandas,4268618
2023-04-20,prophet,42759
2023-04-21,pandas,3832175
2023-04-21,prophet,40579
2023-04-22,pandas,2678995
2023-04-22,prophet,26551
2023-04-23,pandas,2741188
2023-04-23,prophet,34394
2023-04-24,pandas,4125304
2023-04-24,prophet,73847
2023-04-25,pandas,4290592
2023-04-25,prophet,66337
2023-04-26,pandas,4362087
2023-04-26,prophet,61294
2023-04-27,pandas,4249271
2023-04-27,prophet,67862
2023-04-28,pandas,4028268
2023-04-28,prophet,73701
2023-04-29,pandas,2692705
2023-04-29,prophet,24993
2023-04-30,pandas,2665281
2023-04-30,prophet,28996
2023-05-01,pandas,3561412
2023-05-01,prophet,55789
2023-05-02,pandas,4252514
2023-05-02,prophet,69155
2023-05-03,pandas,4243712
2023-05-03,prophet,92637
2023-05-04,pandas,4283705
2023-05-04,prophet,83859
2023-05-05,pandas,4273122
2023-05-05,prophet,69764
2023-05-06,pandas,2884791
2023-05-06,prophet,25684
2023-05-07,pandas,2700269
2023-05-07,prophet,32169
2023-05-08,pandas,3949141
2023-05-08,prophet,45016
2023-05-09,pandas,4168332
2023-05-09,prophet,46663
2023-05-10,pandas,4284965
2023-05-10,prophet,53080
2023-05-11,pandas,4231632
2023-05-11,prophet,53831
2023-05-12,pandas,3909518
2023-05-12,prophet,44257
2023-05-13,pandas,2741829
2023-05-13,prophet,28359
2023-05-14,pandas,2674385
2023-05-14,prophet,30091
2023-05-15,pandas,4121492
2023-05-15,prophet,57750
2023-05-16,pandas,4394117
2023-05-16,prophet,65879
2023-05-17,pandas,4408341
2023-05-17,prophet,61459
2023-05-18,pandas,4133583
2023-05-18,prophet,47675
2023-05-19,pandas,4124948
2023-05-19,prophet,54599
2023-05-20,pandas,2816641
2023-05-20,prophet,27382
2023-05-21,pandas,2748061
2023-05-21,prophet,36519
2023-05-22,pandas,4061427
2023-05-22,prophet,60294
2023-05-23,pandas,4448856
2023-05-23,prophet,60193
2023-05-24,pandas,4409697
2023-05-24,prophet,59545
2023-05-25,pandas,4326246
2023-05-25,prophet,60635
2023-05-26,pandas,4098501
2023-05-26,prophet,52531
2023-05-27,pandas,2853489
2023-05-27,prophet,30873
2023-05-28,pandas,2742320
2023-05-28,prophet,37519
2023-05-29,pandas,3449296
2023-05-29,prophet,53400
2023-05-30,pandas,4284042
2023-05-30,prophet,58706
2023-05-31,pandas,4406280
2023-05-31,prophet,67307
2023-06-01,pandas,4528476
2023-06-01,prophet,68318
2023-06-02,pandas,4304214
2023-06-02,prophet,52211
2023-06-03,pandas,3046400
2023-06-03,prophet,30684
2023-06-04,pandas,2994594
2023-06-04,prophet,35490
2023-06-05,pandas,4610356
2023-06-05,prophet,58449
2023-06-06,pandas,4582475
2023-06-06,prophet,58284
2023-06-07,pandas,4612495
2023-06-07,prophet,54101
2023-06-08,pandas,4599050
2023-06-08,prophet,60336
2023-06-09,pandas,4419525
2023-06-09,prophet,61959
2023-06-10,pandas,2967056
2023-06-10,prophet,28376
2023-06-11,pandas,2926726
2023-06-11,prophet,27732
2023-06-12,pandas,4448015
2023-06-12,prophet,58703
2023-06-13,pandas,4640143
2023-06-13,prophet,56754
2023-06-14,pandas,4685381
2023-06-14,prophet,59326
2023-06-15,pandas,4550511
2023-06-15,prophet,52822
2023-06-16,pandas,4211952
2023-06-16,prophet,48355
2023-06-17,pandas,2967145
2023-06-17,prophet,28935
2023-06-18,pandas,2812021
2023-06-18,prophet,29857
2023-06-19,pandas,4060874
2023-06-19,prophet,47995
2023-06-20,pandas,4512269
2023-06-20,prophet,63893
2023-06-21,pandas,4458339
2023-06-21,prophet,55866
2023-06-22,pandas,4419445
2023-06-22,prophet,50193
2023-06-23,pandas,4208773
2023-06-23,prophet,44512
2023-06-24,pandas,3091122
2023-06-24,prophet,27434
2023-06-25,pandas,3045971
2023-06-25,prophet,29226
2023-06-26,pandas,4586639
2023-06-26,prophet,58590
2023-06-27,pandas,4647579
2023-06-27,prophet,52614
2023-06-28,pandas,4614479
2023-06-28,prophet,56358
2023-06-29,pandas,4579039
2023-06-29,prophet,47820
2023-06-30,pandas,4438687
2023-06-30,prophet,53019
2023-07-01,pandas,3180323
2023-07-01,prophet,30751
2023-07-02,pandas,3028254
2023-07-02,prophet,29396
2023-07-03,pandas,4311764
2023-07-03,prophet,82976
2023-07-04,pandas,4169863
2023-07-04,prophet,62062
2023-07-05,pandas,4536476
2023-07-05,prophet,55303
2023-07-06,pandas,4857336
2023-07-06,prophet,54326
2023-07-07,pandas,4577131
2023-07-07,prophet,53676
2023-07-08,pandas,3174709
2023-07-08,prophet,29951
2023-07-09,pandas,2972358
2023-07-09,prophet,33446
2023-07-10,pandas,4572450
2023-07-10,prophet,56567
2023-07-11,pandas,4827616
2023-07-11,prophet,64940
2023-07-12,pandas,4639884
2023-07-12,prophet,54987
2023-07-13,pandas,4565337
2023-07-13,prophet,55252
2023-07-14,pandas,4278397
2023-07-14,prophet,49815
2023-07-15,pandas,3118290
2023-07-15,prophet,30432
2023-07-16,pandas,3104653
2023-07-16,prophet,32377
2023-07-17,pandas,4590666
2023-07-17,prophet,68618
2023-07-18,pandas,4893681
2023-07-18,prophet,64594
2023-07-19,pandas,4903541
2023-07-19,prophet,67551
2023-07-20,pandas,4867645
2023-07-20,prophet,60082
2023-07-21,pandas,4527975
2023-07-21,prophet,60791
2023-07-22,pandas,3094440
2023-07-22,prophet,31842
2023-07-23,pandas,2953834
2023-07-23,prophet,33699
2023-07-24,pandas,4666741
2023-07-24,prophet,68305
2023-07-25,pandas,4949704
2023-07-25,prophet,69577
2023-07-26,pandas,5031247
2023-07-26,prophet,67702
2023-07-27,pandas,4988064
2023-07-27,prophet,66193
2023-07-28,pandas,4805945
2023-07-28,prophet,60083
2023-07-29,pandas,3289034
2023-07-29,prophet,29758
2023-07-30,pandas,3100425
2023-07-30,prophet,32506
2023-07-31,pandas,4823215
2023-07-31,prophet,65380
2023-08-01,pandas,5159037
2023-08-01,prophet,68597
2023-08-02,pandas,5186327
2023-08-02,prophet,69068
2023-08-03,pandas,5045022
2023-08-03,prophet,72471
2023-08-04,pandas,4689994
2023-08-04,prophet,61650
2023-08-05,pandas,3251872
2023-08-05,prophet,31663
2023-08-06,pandas,3126227
2023-08-06,prophet,33301
2023-08-07,pandas,4797447
2023-08-07,prophet,72624
2023-08-08,pandas,5099661
2023-08-08,prophet,65580
2023-08-09,pandas,5063858
2023-08-09,prophet,60371
2023-08-10,pandas,5006864
2023-08-10,prophet,66033
2023-08-11,pandas,4558277
2023-08-11,prophet,53404
2023-08-12,pandas,3250522
2023-08-12,prophet,33506
2023-08-13,pandas,3117593
2023-08-13,prophet,33701
2023-08-14,pandas,4656917
2023-08-14,prophet,58698
2023-08-15,pandas,4734448
2023-08-15,prophet,54765
2023-08-16,pandas,4923516
2023-08-16,prophet,63340
2023-08-17,pandas,4926503
2023-08-17,prophet,62169
2023-08-18,pandas,4562120
2023-08-18,prophet,57693
2023-08-19,pandas,3061867
2023-08-19,prophet,31998
2023-08-20,pandas,3021952
2023-08-20,prophet,35234
2023-08-21,pandas,4826530
2023-08-21,prophet,65815
2023-08-22,pandas,5215549
2023-08-22,prophet,71846
2023-08-23,pandas,5205292
2023-08-23,prophet,65710
2023-08-24,pandas,5132618
2023-08-24,prophet,58064
2023-08-25,pandas,4826419
2023-08-25,prophet,57628
2023-08-26,pandas,3236930
2023-08-26,prophet,34126
2023-08-27,pandas,3060537
2023-08-27,prophet,36893
2023-08-28,pandas,4773228
2023-08-28,prophet,76754
2023-08-29,pandas,5048668
2023-08-29,prophet,62867
2023-08-30,pandas,5107625
2023-08-30,prophet,69168
2023-08-31,pandas,5047940
2023-08-31,prophet,79639
2023-09-01,pandas,4827765
2023-09-01,prophet,60171
2023-09-02,pandas,3208493
2023-09-02,prophet,33837
2023-09-03,pandas,3034437
2023-09-03,prophet,36516
2023-09-04,pandas,4273972
2023-09-04,prophet,54356
2023-09-05,pandas,4977761
2023-09-05,prophet,79055
2023-09-06,pandas,5356149
2023-09-06,prophet,65355
2023-09-07,pandas,5357949
2023-09-07,prophet,70572
2023-09-08,pandas,4904238
2023-09-08,prophet,59667
2023-09-09,pandas,3254130
2023-09-09,prophet,35717
2023-09-10,pandas,3121828
2023-09-10,prophet,38476
2023-09-11,pandas,4887396
2023-09-11,prophet,61654
2023-09-12,pandas,5200788
2023-09-12,prophet,64511
2023-09-13,pandas,5287354
2023-09-13,prophet,65548
2023-09-14,pandas,5133321
2023-09-14,prophet,66222
2023-09-15,pandas,4885435
2023-09-15,prophet,54830
2023-09-16,pandas,3242763
2023-09-16,prophet,34474
2023-09-17,pandas,3068216
2023-09-17,prophet,39269
2023-09-18,pandas,4908471
2023-09-18,prophet,64660
2023-09-19,pandas,5205839
2023-09-19,prophet,78258
2023-09-20,pandas,5362798
2023-09-20,prophet,78594
2023-09-21,pandas,5575261
2023-09-21,prophet,70910
2023-09-22,pandas,5146311
2023-09-22,prophet,61867
2023-09-23,pandas,3405006
2023-09-23,prophet,36888
2023-09-24,pandas,3168646
2023-09-24,prophet,36089
2023-09-25,pandas,5026175
2023-09-25,prophet,78691
2023-09-26,pandas,5424584
2023-09-26,prophet,82213
2023-09-27,pandas,5411797
2023-09-27,prophet,85442
2023-09-28,pandas,5131797
2023-09-28,prophet,61319
2023-09-29,pandas,4856984
2023-09-29,prophet,68381
2023-09-30,pandas,3367216
2023-09-30,prophet,37294
2023-10-01,pandas,3359642
2023-10-01,prophet,39778
2023-10-02,pandas,4841874
2023-10-02,prophet,68958
2023-10-03,pandas,5287183
2023-10-03,prophet,71507
2023-10-04,pandas,5415910
2023-10-04,prophet,76114
2023-10-05,pandas,5401310
2023-10-05,prophet,80909
2023-10-06,pandas,5088911
2023-10-06,prophet,78797
2023-10-07,pandas,3534291
2023-10-07,prophet,45054
2023-10-08,pandas,3380433
2023-10-08,prophet,50925
2023-10-09,pandas,4987698
2023-10-09,prophet,84020
2023-10-10,pandas,5501760
2023-10-10,prophet,92518
2023-10-11,pandas,5468151
2023-10-11,prophet,77769
2023-10-12,pandas,5474932
2023-10-12,prophet,83085
2023-10-13,pandas,5239107
2023-10-13,prophet,75100
2023-10-14,pandas,3479345
2023-10-14,prophet,43472
2023-10-15,pandas,3378513
2023-10-15,prophet,47426
2023-10-16,pandas,5318030
2023-10-16,prophet,77119
2023-10-17,pandas,5812191
2023-10-17,prophet,74416
2023-10-18,pandas,5805096
2023-10-18,prophet,77505
2023-10-19,pandas,5751611
2023-10-19,prophet,67968
2023-10-20,pandas,5428417
2023-10-20,prophet,65602
2023-10-21,pandas,3678338
2023-10-21,prophet,43812
2023-10-22,pandas,3487651
2023-10-22,prophet,43526
2023-10-23,pandas,5132265
2023-10-23,prophet,70543
2023-10-24,pandas,5604196
2023-10-24,prophet,75040
2023-10-25,pandas,5605959
2023-10-25,prophet,92265
2023-10-26,pandas,5707825
2023-10-26,prophet,87750
2023-10-27,pandas,5234394
2023-10-27,prophet,85146
2023-10-28,pandas,3449926
2023-10-28,prophet,43881
2023-10-29,pandas,3399141
2023-10-29,prophet,44557
2023-10-30,pandas,5407862
2023-10-30,prophet,93403
2023-10-31,pandas,5692278
2023-10-31,prophet,74529
2023-11-01,pandas,5303479
2023-11-01,prophet,78638
2023-11-02,pandas,5652940
2023-11-02,prophet,78348
2023-11-03,pandas,5198900
2023-11-03,prophet,68354
2023-11-04,pandas,3445235
2023-11-04,prophet,47107
2023-11-05,pandas,3428108
2023-11-05,prophet,44072
2023-11-06,pandas,5477322
2023-11-06,prophet,81359
2023-11-07,pandas,5813163
2023-11-07,prophet,100690
2023-11-08,pandas,5519162
2023-11-08,prophet,82298
2023-11-09,pandas,5583569
2023-11-09,prophet,68013
2023-11-10,pandas,5171510
2023-11-10,prophet,63572
2023-11-11,pandas,3602273
2023-11-11,prophet,43620
2023-11-12,pandas,3394393
2023-11-12,prophet,44440
2023-11-13,pandas,5310644
2023-11-13,prophet,95072
2023-11-14,pandas,5638125
2023-11-14,prophet,89129
2023-11-15,pandas,5630910
2023-11-15,prophet,80708
2023-11-16,pandas,5770694
2023-11-16,prophet,83443
2023-11-17,pandas,5393140
2023-11-17,prophet,71279
2023-11-18,pandas,3636372
2023-11-18,prophet,45280
2023-11-19,pandas,3413472
2023-11-19,prophet,48829
2023-11-20,pandas,5377208
2023-11-20,prophet,84242
2023-11-21,pandas,5669970
2023-11-21,prophet,74945
2023-11-22,pandas,5432360
2023-11-22,prophet,73538
2023-11-23,pandas,4907920
2023-11-23,prophet,66945
2023-11-24,pandas,4601945
2023-11-24,prophet,64727
2023-11-25,pandas,3448914
2023-11-25,prophet,44638
2023-11-26,pandas,3460164
2023-11-26,prophet,44983
2023-11-27,pandas,5291403
2023-11-27,prophet,84489
2023-11-28,pandas,5648448
2023-11-28,prophet,74586
2023-11-29,pandas,5850148
2023-11-29,prophet,74420
2023-11-30,pandas,5852001
2023-11-30,prophet,81310
2023-12-01,pandas,5783947
2023-12-01,prophet,78067
2023-12-02,pandas,4174530
2023-12-02,prophet,43684
2023-12-03,pandas,3637445
2023-12-03,prophet,49969
2023-12-04,pandas,5698745
2023-12-04,prophet,88815
2023-12-05,pandas,5960292
2023-12-05,prophet,92635
2023-12-06,pandas,5821611
2023-12-06,prophet,78345
2023-12-07,pandas,5798781
2023-12-07,prophet,88761
2023-12-08,pandas,5502501
2023-12-08,prophet,77881
2023-12-09,pandas,3965940
2023-12-09,prophet,44818
2023-12-10,pandas,3789103
2023-12-10,prophet,43826
2023-12-11,pandas,5772465
2023-12-11,prophet,84567
2023-12-12,pandas,6080740
2023-12-12,prophet,97961
2023-12-13,pandas,6034364
2023-12-13,prophet,89103
2023-12-14,pandas,5891642
2023-12-14,prophet,75637
2023-12-15,pandas,5513839
2023-12-15,prophet,75681
2023-12-16,pandas,3754690
2023-12-16,prophet,47207
2023-12-17,pandas,3824393
2023-12-17,prophet,47672
2023-12-18,pandas,5693198
2023-12-18,prophet,73483
2023-12-19,pandas,5955142
2023-12-19,prophet,78304
2023-12-20,pandas,5942303
2023-12-20,prophet,78773
2023-12-21,pandas,5689694
2023-12-21,prophet,72122
2023-12-22,pandas,4939714
2023-12-22,prophet,58319
2023-12-23,pandas,3747429
2023-12-23,prophet,40530
2023-12-24,pandas,3615040
2023-12-24,prophet,43210
2023-12-25,pandas,3856162
2023-12-25,prophet,46924
2023-12-26,pandas,4279172
2023-12-26,prophet,51183
2023-12-27,pandas,4684623
2023-12-27,prophet,58649
2023-12-28,pandas,4641564
2023-12-28,prophet,59330
2023-12-29,pandas,4436844
2023-12-29,prophet,56813
2023-12-30,pandas,3610793
2023-12-30,prophet,41445
2023-12-31,pandas,3456843
2023-12-31,prophet,46752
2024-01-01,pandas,3946363
2024-01-01,prophet,54022
2024-01-02,pandas,5021754
2024-01-02,prophet,67894
2024-01-03,pandas,5546986
2024-01-03,prophet,72019
2024-01-04,pandas,5714174
2024-01-04,prophet,70391
2024-01-05,pandas,5555258
2024-01-05,prophet,68696
2024-01-06,pandas,3856590
2024-01-06,prophet,44177
2024-01-07,pandas,3678403
2024-01-07,prophet,50925
2024-01-08,pandas,5737988
2024-01-08,prophet,81451
2024-01-09,pandas,5905601
2024-01-09,prophet,88793
2024-01-10,pandas,6043391
2024-01-10,prophet,73428
2024-01-11,pandas,6253534
2024-01-11,prophet,76946
2024-01-12,pandas,5786893
2024-01-12,prophet,75621
2024-01-13,pandas,3964320
2024-01-13,prophet,48540
2024-01-14,pandas,3813122
2024-01-14,prophet,58208
2024-01-15,pandas,5242902
2024-01-15,prophet,71140
2024-01-16,pandas,5857574
2024-01-16,prophet,90296
2024-01-17,pandas,6025727
2024-01-17,prophet,92287
2024-01-18,pandas,6185182
2024-01-18,prophet,89235
2024-01-19,pandas,6034855
2024-01-19,prophet,86200
2024-01-20,pandas,4219534
2024-01-20,prophet,49794
2024-01-21,pandas,3936649
2024-01-21,prophet,51392
2024-01-22,pandas,6217437
2024-01-22,prophet,89594
2024-01-23,pandas,6547224
2024-01-23,prophet,86723
2024-01-24,pandas,6329713
2024-01-24,prophet,84940
2024-01-25,pandas,6201947
2024-01-25,prophet,81909
2024-01-26,pandas,5952573
2024-01-26,prophet,65368
2024-01-27,pandas,4128855
2024-01-27,prophet,45805
2024-01-28,pandas,3991446
2024-01-28,prophet,53629
2024-01-29,pandas,6224592
2024-01-29,prophet,84061
2024-01-30,pandas,6397817
2024-01-30,prophet,88673
2024-01-31,pandas,6209842
2024-01-31,prophet,90110
2024-02-01,pandas,6441280
2024-02-01,prophet,110558
2024-02-02,pandas,5799195
2024-02-02,prophet,98196
2024-02-03,pandas,3930129
2024-02-03,prophet,50938
2024-02-04,pandas,3856029
2024-02-04,prophet,52913
2024-02-05,pandas,5944805
2024-02-05,prophet,88669
2024-02-06,pandas,6318496
2024-02-06,prophet,96257
2024-02-07,pandas,6245540
2024-02-07,prophet,99561
2024-02-08,pandas,6257997
2024-02-08,prophet,88840
2024-02-09,pandas,5835102
2024-02-09,prophet,77401
2024-02-10,pandas,3970343
2024-02-10,prophet,47025
2024-02-11,pandas,3844107
2024-02-11,prophet,52406
2024-02-12,pandas,5742027
2024-02-12,prophet,78838
2024-02-13,pandas,6258055
2024-02-13,prophet,76094
2024-02-14,pandas,6107240
2024-02-14,prophet,74214
2024-02-15,pandas,6198020
2024-02-15,prophet,80322
2024-02-16,pandas,5953187
2024-02-16,prophet,80379
2024-02-17,pandas,4057129
2024-02-17,prophet,46799
2024-02-18,pandas,3985594
2024-02-18,prophet,49140
2024-02-19,pandas,5774378
2024-02-19,prophet,77235
2024-02-20,pandas,6332277
2024-02-20,prophet,78315
2024-02-21,pandas,6605322
2024-02-21,prophet,93063
2024-02-22,pandas,6633633
2024-02-22,prophet,84451
2024-02-23,pandas,6437553
2024-02-23,prophet,84476
2024-02-24,pandas,4672038
2024-02-24,prophet,50656
2024-02-25,pandas,4368838
2024-02-25,prophet,51096
2024-02-26,pandas,6876462
2024-02-26,prophet,89613
2024-02-27,pandas,7420552
2024-02-27,prophet,91974
2024-02-28,pandas,7896101
2024-02-28,prophet,82376
2024-02-29,pandas,7744788
2024-02-29,prophet,86716
2024-03-01,pandas,7537670
2024-03-01,prophet,85434
2024-03-02,pandas,4960168
2024-03-02,prophet,47969
2024-03-03,pandas,4620470
2024-03-03,prophet,48992
2024-03-04,pandas,7013642
2024-03-04,prophet,86813
2024-03-05,pandas,7642376
2024-03-05,prophet,95712
2024-03-06,pandas,7507315
2024-03-06,prophet,96768
2024-03-07,pandas,7627625
2024-03-07,prophet,100603
2024-03-08,pandas,7129908
2024-03-08,prophet,73879
2024-03-09,pandas,4805306
2024-03-09,prophet,50956
2024-03-10,pandas,4501476
2024-03-10,prophet,46864
2024-03-11,pandas,7303267
2024-03-11,prophet,81933
2024-03-12,pandas,7798593
2024-03-12,prophet,81031
2024-03-13,pandas,7908784
2024-03-13,prophet,80722
2024-03-14,pandas,7891819
2024-03-14,prophet,82529
2024-03-15,pandas,7449022
2024-03-15,prophet,70487
2024-03-16,pandas,4942705
2024-03-16,prophet,45255
2024-03-17,pandas,4860822
2024-03-17,prophet,48541
2024-03-18,pandas,7308134
2024-03-18,prophet,78404
2024-03-19,pandas,7857494
2024-03-19,prophet,77179
2024-03-20,pandas,7735130
2024-03-20,prophet,73307
2024-03-21,pandas,7708612
2024-03-21,prophet,72468
2024-03-22,pandas,7347630
2024-03-22,prophet,68699
2024-03-23,pandas,5065233
2024-03-23,prophet,42093
2024-03-24,pandas,4818444
2024-03-24,prophet,44000
2024-03-25,pandas,7252090
2024-03-25,prophet,73452
2024-03-26,pandas,7755101
2024-03-26,prophet,82980
2024-03-27,pandas,7860699
2024-03-27,prophet,83633
2024-03-28,pandas,7508183
2024-03-28,prophet,76899
2024-03-29,pandas,6614859
2024-03-29,prophet,56636
2024-03-30,pandas,4878371
2024-03-30,prophet,44328
2024-03-31,pandas,4836414
2024-03-31,prophet,46118
2024-04-01,pandas,6905055
2024-04-01,prophet,69527
2024-04-02,pandas,7841945
2024-04-02,prophet,82796
2024-04-03,pandas,8260237
2024-04-03,prophet,94930
2024-04-04,pandas,8057079
2024-04-04,prophet,87054
2024-04-05,pandas,7275572
2024-04-05,prophet,79219
2024-04-06,pandas,4953088
2024-04-06,prophet,51047
2024-04-07,pandas,4912432
2024-04-07,prophet,52002
2024-04-08,pandas,7312580
2024-04-08,prophet,85538
2024-04-09,pandas,7618820
2024-04-09,prophet,83170
2024-04-10,pandas,7746732
2024-04-10,prophet,86589
2024-04-11,pandas,8086558
2024-04-11,prophet,77006
2024-04-12,pandas,7659199
2024-04-12,prophet,81212
2024-04-13,pandas,5172453
2024-04-13,prophet,50088
2024-04-14,pandas,4990686
2024-04-14,prophet,52955
2024-04-15,pandas,7830170
2024-04-15,prophet,85085
2024-04-16,pandas,8010171
2024-04-16,prophet,104162
2024-04-17,pandas,8191928
2024-04-17,prophet,103865
2024-04-18,pandas,8168777
2024-04-18,prophet,82511
2024-04-19,pandas,7975727
2024-04-19,prophet,71311
2024-04-20,pandas,5160061
2024-04-20,prophet,48339
2024-04-21,pandas,4951220
2024-04-21,prophet,53308
2024-04-22,pandas,7757584
2024-04-22,prophet,85334
2024-04-23,pandas,8288682
2024-04-23,prophet,96446
2024-04-24,pandas,8028494
2024-04-24,prophet,83052
2024-04-25,pandas,8137525
2024-04-25,prophet,89178
2024-04-26,pandas,7663835
2024-04-26,prophet,72281
2024-04-27,pandas,5146635
2024-04-27,prophet,45797
2024-04-28,pandas,4978964
2024-04-28,prophet,48149
2024-04-29,pandas,7726941
2024-04-29,prophet,78298
2024-04-30,pandas,8199239
2024-04-30,prophet,82104
2024-05-01,pandas,7446457
2024-05-01,prophet,76204
2024-05-02,pandas,8429853
2024-05-02,prophet,75190
2024-05-03,pandas,8335567
2024-05-03,prophet,71660
2024-05-04,pandas,5419822
2024-05-04,prophet,48097
2024-05-05,pandas,5151746
2024-05-05,prophet,51219
2024-05-06,pandas,8248431
2024-05-06,prophet,83172
2024-05-07,pandas,9086283
2024-05-07,prophet,93153
2024-05-08,pandas,8860860
2024-05-08,prophet,92263
2024-05-09,pandas,8389107
2024-05-09,prophet,79892
2024-05-10,pandas,8316538
2024-05-10,prophet,79412
2024-05-11,pandas,5681991
2024-05-11,prophet,53641
2024-05-12,pandas,5282229
2024-05-12,prophet,52911
2024-05-13,pandas,8620416
2024-05-13,prophet,88589
2024-05-14,pandas,9200646
2024-05-14,prophet,87988
2024-05-15,pandas,9215384
2024-05-15,prophet,86847
2024-05-16,pandas,8862996
2024-05-16,prophet,87373
2024-05-17,pandas,8628699
2024-05-17,prophet,78807
2024-05-18,pandas,5526242
2024-05-18,prophet,51794
2024-05-19,pandas,5311407
2024-05-19,prophet,52122
2024-05-20,pandas,7946834
2024-05-20,prophet,84404
2024-05-21,pandas,9006900
2024-05-21,prophet,90941
2024-05-22,pandas,9084096
2024-05-22,prophet,84214
2024-05-23,pandas,8893924
2024-05-23,prophet,90423
2024-05-24,pandas,8329518
2024-05-24,prophet,82102
2024-05-25,pandas,5572957
2024-05-25,prophet,52180
2024-05-26,pandas,5323351
2024-05-26,prophet,53655
2024-05-27,pandas,7224284
2024-05-27,prophet,75302
2024-05-28,pandas,8674448
2024-05-28,prophet,88778
2024-05-29,pandas,9228954
2024-05-29,prophet,87623
2024-05-30,pandas,9104650
2024-05-30,prophet,85578
2024-05-31,pandas,8799642
2024-05-31,prophet,86518
2024-06-01,pandas,5825500
2024-06-01,prophet,58744
2024-06-02,pandas,5284290
2024-06-02,prophet,55561
2024-06-03,pandas,8778795
2024-06-03,prophet,93825
2024-06-04,pandas,9442157
2024-06-04,prophet,96855
2024-06-05,pandas,9105823
2024-06-05,prophet,87870
2024-06-06,pandas,9292020
2024-06-06,prophet,87357
2024-06-07,pandas,8726859
2024-06-07,prophet,84545
2024-06-08,pandas,5587792
2024-06-08,prophet,52430
2024-06-09,pandas,5233829
2024-06-09,prophet,52719
2024-06-10,pandas,8396836
2024-06-10,prophet,86774
2024-06-11,pandas,9213475
2024-06-11,prophet,91419
2024-06-12,pandas,9262612
2024-06-12,prophet,87716
2024-06-13,pandas,9163704
2024-06-13,prophet,90957
2024-06-14,pandas,8910875
2024-06-14,prophet,86417
2024-06-15,pandas,5790525
2024-06-15,prophet,55561
2024-06-16,pandas,5346129
2024-06-16,prophet,55706
2024-06-17,pandas,8998994
2024-06-17,prophet,86222
2024-06-18,pandas,8899676
2024-06-18,prophet,97215
2024-06-19,pandas,8090872
2024-06-19,prophet,86624
2024-06-20,pandas,8611154
2024-06-20,prophet,83055
2024-06-21,pandas,8389972
2024-06-21,prophet,84320
2024-06-22,pandas,5568375
2024-06-22,prophet,55669
2024-06-23,pandas,5277565
2024-06-23,prophet,53486
2024-06-24,pandas,8238018
2024-06-24,prophet,83500
2024-06-25,pandas,8653064
2024-06-25,prophet,90470
2024-06-26,pandas,8703402
2024-06-26,prophet,95636
2024-06-27,pandas,8479836
2024-06-27,prophet,97480
2024-06-28,pandas,7946945
2024-06-28,prophet,85172
2024-06-29,pandas,5479507
2024-06-29,prophet,56547
2024-06-30,pandas,5226184
2024-06-30,prophet,57624
2024-07-01,pandas,8142642
2024-07-01,prophet,95705
2024-07-02,pandas,8765261
2024-07-02,prophet,96885
2024-07-03,pandas,8533281
2024-07-03,prophet,100931
2024-07-04,pandas,7502983
2024-07-04,prophet,83881
2024-07-05,pandas,7358802
2024-07-05,prophet,77751
2024-07-06,pandas,5243814
2024-07-06,prophet,51651
2024-07-07,pandas,5212110
2024-07-07,prophet,57779
2024-07-08,pandas,8662617
2024-07-08,prophet,97515
2024-07-09,pandas,8553284
2024-07-09,prophet,90874
2024-07-10,pandas,8584611
2024-07-10,prophet,92503
2024-07-11,pandas,8654813
2024-07-11,prophet,87937
2024-07-12,pandas,8235597
2024-07-12,prophet,82061
2024-07-13,pandas,5839850
2024-07-13,prophet,52666
2024-07-14,pandas,5700022
2024-07-14,prophet,52701
2024-07-15,pandas,8453189
2024-07-15,prophet,94438
2024-07-16,pandas,8959483
2024-07-16,prophet,99235
2024-07-17,pandas,9233398
2024-07-17,prophet,84919
2024-07-18,pandas,9076506
2024-07-18,prophet,84090
2024-07-19,pandas,8350152
2024-07-19,prophet,81538
2024-07-20,pandas,5845915
2024-07-20,prophet,54539
2024-07-21,pandas,5575000
2024-07-21,prophet,55113
2024-07-22,pandas,9273891
2024-07-22,prophet,92459
2024-07-23,pandas,10365537
2024-07-23,prophet,105296
2024-07-24,pandas,10326380
2024-07-24,prophet,97530
2024-07-25,pandas,10164372
2024-07-25,prophet,105826
2024-07-26,pandas,9405133
2024-07-26,prophet,88838
2024-07-27,pandas,5993293
2024-07-27,prophet,61021
2024-07-28,pandas,5560414
2024-07-28,prophet,65957
2024-07-29,pandas,9274124
2024-07-29,prophet,98231
2024-07-30,pandas,9581017
2024-07-30,prophet,95495
2024-07-31,pandas,10225811
2024-07-31,prophet,93102
2024-08-01,pandas,9967010
2024-08-01,prophet,107887
2024-08-02,pandas,9698589
2024-08-02,prophet,93304
2024-08-03,pandas,5971440
2024-08-03,prophet,55973
2024-08-04,pandas,5537426
2024-08-04,prophet,58301
2024-08-05,pandas,9184017
2024-08-05,prophet,97443
2024-08-06,pandas,10643949
2024-08-06,prophet,96057
2024-08-07,pandas,10410303
2024-08-07,prophet,100667
2024-08-08,pandas,10999528
2024-08-08,prophet,87426
2024-08-09,pandas,9993859
2024-08-09,prophet,82366
2024-08-10,pandas,6115782
2024-08-10,prophet,54970
2024-08-11,pandas,5703503
2024-08-11,prophet,56405
2024-08-12,pandas,9787106
2024-08-12,prophet,94165
2024-08-13,pandas,9731074
2024-08-13,prophet,97031
2024-08-14,pandas,9309011
2024-08-14,prophet,87589
2024-08-15,pandas,8825396
2024-08-15,prophet,82944
2024-08-16,pandas,9428220
2024-08-16,prophet,87911
2024-08-17,pandas,5915869
2024-08-17,prophet,62577
2024-08-18,pandas,5955829
2024-08-18,prophet,63552
2024-08-19,pandas,9118143
2024-08-19,prophet,97317
2024-08-20,pandas,9846985
2024-08-20,prophet,103165
2024-08-21,pandas,9767952
2024-08-21,prophet,99030
2024-08-22,pandas,10121294
2024-08-22,prophet,92554
2024-08-23,pandas,9250967
2024-08-23,prophet,91574
2024-08-24,pandas,6001184
2024-08-24,prophet,61494
2024-08-25,pandas,5708889
2024-08-25,prophet,62641
2024-08-26,pandas,9521240
2024-08-26,prophet,104748
2024-08-27,pandas,10532821
2024-08-27,prophet,106389
2024-08-28,pandas,10163129
2024-08-28,prophet,105004
2024-08-29,pandas,10574943
2024-08-29,prophet,103195
2024-08-30,pandas,9679127
2024-08-30,prophet,97590
2024-08-31,pandas,6205527
2024-08-31,prophet,73855
2024-09-01,pandas,5950163
2024-09-01,prophet,81440
2024-09-02,pandas,8206945
2024-09-02,prophet,110721
2024-09-03,pandas,9781722
2024-09-03,prophet,116849
2024-09-04,pandas,10131684
2024-09-04,prophet,120330
2024-09-05,pandas,10588315
2024-09-05,prophet,120605
2024-09-06,pandas,9900678
2024-09-06,prophet,106454
2024-09-07,pandas,6435662
2024-09-07,prophet,71932
2024-09-08,pandas,5916774
2024-09-08,prophet,75108
2024-09-09,pandas,9883449
2024-09-09,prophet,121700
2024-09-10,pandas,11049252
2024-09-10,prophet,129410
2024-09-11,pandas,10492121
2024-09-11,prophet,123503
2024-09-12,pandas,9896905
2024-09-12,prophet,119103
2024-09-13,pandas,10178369
2024-09-13,prophet,111985
2024-09-14,pandas,6345708
2024-09-14,prophet,74978
2024-09-15,pandas,6078783
2024-09-15,prophet,72036
2024-09-16,pandas,9988101
2024-09-16,prophet,116656
2024-09-17,pandas,10614053
2024-09-17,prophet,114627
2024-09-18,pandas,10856758
2024-09-18,prophet,111906
2024-09-19,pandas,11077817
2024-09-19,prophet,118692
2024-09-20,pandas,10758593
2024-09-20,prophet,105724
2024-09-21,pandas,7483241
2024-09-21,prophet,69106
2024-09-22,pandas,6566272
2024-09-22,prophet,70581
2024-09-23,pandas,10758931
2024-09-23,prophet,114884
2024-09-24,pandas,11466917
2024-09-24,prophet,110519
2024-09-25,pandas,11333873
2024-09-25,prophet,115765
2024-09-26,pandas,11038798
2024-09-26,prophet,109507
2024-09-27,pandas,10359898
2024-09-27,prophet,100439
2024-09-28,pandas,7020031
2024-09-28,prophet,67887
2024-09-29,pandas,6492146
2024-09-29,prophet,68770
2024-09-30,pandas,10033364
2024-09-30,prophet,103800
2024-10-01,pandas,11359930
2024-10-01,prophet,123406
2024-10-02,pandas,11239165
2024-10-02,prophet,98344
2024-10-03,pandas,10578040
2024-10-03,prophet,109058
2024-10-04,pandas,10091136
2024-10-04,prophet,101363
2024-10-05,pandas,6919085
2024-10-05,prophet,66381
2024-10-06,pandas,6540206
2024-10-06,prophet,67241
2024-10-07,pandas,10250203
2024-10-07,prophet,109635
2024-10-08,pandas,11067328
2024-10-08,prophet,114194
2024-10-09,pandas,10625659
2024-10-09,prophet,113672
2024-10-10,pandas,10523126
2024-10-10,prophet,108717
2024-10-11,pandas,10084877
2024-10-11,prophet,101262
2024-10-12,pandas,6611569
2024-10-12,prophet,68775
2024-10-13,pandas,6338063
2024-10-13,prophet,68774
2024-10-14,pandas,9504854
2024-10-14,prophet,106647
2024-10-15,pandas,10450298
2024-10-15,prophet,106900
2024-10-16,pandas,10170692
2024-10-16,prophet,113080
2024-10-17,pandas,10005829
2024-10-17,prophet,102867
2024-10-18,pandas,9527495
2024-10-18,prophet,102095
2024-10-19,pandas,6481535
2024-10-19,prophet,67400
2024-10-20,pandas,6146425
2024-10-20,prophet,68437
2024-10-21,pandas,9444917
2024-10-21,prophet,109678
2024-10-22,pandas,9973297
2024-10-22,prophet,111499
2024-10-23,pandas,10071595
2024-10-23,prophet,109725
2024-10-24,pandas,9877590
2024-10-24,prophet,104545
2024-10-25,pandas,9280768
2024-10-25,prophet,102307
2024-10-26,pandas,6389134
2024-10-26,prophet,69405
2024-10-27,pandas,6294405
2024-10-27,prophet,73249
2024-10-28,pandas,9724689
2024-10-28,prophet,107966
2024-10-29,pandas,10167618
2024-10-29,prophet,116629
2024-10-30,pandas,9862680
2024-10-30,prophet,112510
2024-10-31,pandas,9418915
2024-10-31,prophet,106785
2024-11-01,pandas,8570176
2024-11-01,prophet,107919
2024-11-02,pandas,6272350
2024-11-02,prophet,69118
2024-11-03,pandas,6249201
2024-11-03,prophet,70470
2024-11-04,pandas,9584602
2024-11-04,prophet,114315
2024-11-05,pandas,10030231
2024-11-05,prophet,114595
2024-11-06,pandas,10034888
2024-11-06,prophet,110147
2024-11-07,pandas,10593550
2024-11-07,prophet,117608
2024-11-08,pandas,9727386
2024-11-08,prophet,101591
2024-11-09,pandas,6530747
2024-11-09,prophet,74141
2024-11-10,pandas,6349822
2024-11-10,prophet,71981
2024-11-11,pandas,9441663
2024-11-11,prophet,114307
2024-11-12,pandas,10412246
2024-11-12,prophet,121712
2024-11-13,pandas,10002429
2024-11-13,prophet,115520
2024-11-14,pandas,10218826
2024-11-14,prophet,120867
2024-11-15,pandas,9599825
2024-11-15,prophet,105829
2024-11-16,pandas,6947748
2024-11-16,prophet,77103
2024-11-17,pandas,6741380
2024-11-17,prophet,81083
2024-11-18,pandas,9865177
2024-11-18,prophet,118466
2024-11-19,pandas,10602407
2024-11-19,prophet,118156
2024-11-20,pandas,10538898
2024-11-20,prophet,113198
2024-11-21,pandas,10674990
2024-11-21,prophet,111856
2024-11-22,pandas,10298165
2024-11-22,prophet,112277
2024-11-23,pandas,7455138
2024-11-23,prophet,79637
2024-11-24,pandas,7413938
2024-11-24,prophet,76971
2024-11-25,pandas,10465485
2024-11-25,prophet,140965
2024-11-26,pandas,10791671
2024-11-26,prophet,129215
2024-11-27,pandas,10277858
2024-11-27,prophet,119901
2024-11-28,pandas,9022672
2024-11-28,prophet,111716
2024-11-29,pandas,8581602
2024-11-29,prophet,97542
2024-11-30,pandas,6509002
2024-11-30,prophet,68091
2024-12-01,pandas,6730432
2024-12-01,prophet,81224
2024-12-02,pandas,9845395
2024-12-02,prophet,117139
2024-12-03,pandas,10470748
2024-12-03,prophet,124095
2024-12-04,pandas,10361609
2024-12-04,prophet,113382
2024-12-05,pandas,10438377
2024-12-05,prophet,116935
2024-12-06,pandas,10723439
2024-12-06,prophet,117855
2024-12-07,pandas,8483546
2024-12-07,prophet,79307
2024-12-08,pandas,7969598
2024-12-08,prophet,81701
2024-12-09,pandas,11744851
2024-12-09,prophet,128163
2024-12-10,pandas,12192387
2024-12-10,prophet,122446
2024-12-11,pandas,12221051
2024-12-11,prophet,116895
2024-12-12,pandas,11784867
2024-12-12,prophet,119002
2024-12-13,pandas,11882226
2024-12-13,prophet,112534
2024-12-14,pandas,10631692
2024-12-14,prophet,82763
2024-12-15,pandas,10688764
2024-12-15,prophet,81621
2024-12-16,pandas,13978338
2024-12-16,prophet,127556
2024-12-17,pandas,12864830
2024-12-17,prophet,136167
2024-12-18,pandas,10838345
2024-12-18,prophet,129628
2024-12-19,pandas,10477622
2024-12-19,prophet,135388
2024-12-20,pandas,10297880
2024-12-20,prophet,130584
2024-12-21,pandas,8462865
2024-12-21,prophet,88823
2024-12-22,pandas,8145348
2024-12-22,prophet,83370
2024-12-23,pandas,9481673
2024-12-23,prophet,128261
2024-12-24,pandas,8046089
2024-12-24,prophet,107048
2024-12-25,pandas,7271442
2024-12-25,prophet,92656
2024-12-26,pandas,7928712
2024-12-26,prophet,103236
2024-12-27,pandas,8075818
2024-12-27,prophet,102830
2024-12-28,pandas,6510288
2024-12-28,prophet,81411
2024-12-29,pandas,6503569
2024-12-29,prophet,87896
2024-12-30,pandas,8769370
2024-12-30,prophet,115744
2024-12-31,pandas,8533425
2024-12-31,prophet,99187
2025-01-01,pandas,7659094
2025-01-01,prophet,108374
2025-01-02,pandas,8945069
2025-01-02,prophet,125094
2025-01-03,pandas,9196794
2025-01-03,prophet,119260
2025-01-04,pandas,7474227
2025-01-04,prophet,85164
2025-01-05,pandas,7239567
2025-01-05,prophet,86964
2025-01-06,pandas,10187670
2025-01-06,prophet,131515
2025-01-07,pandas,10797556
2025-01-07,prophet,136841
2025-01-08,pandas,10988781
2025-01-08,prophet,141247
2025-01-09,pandas,10658187
2025-01-09,prophet,130895
2025-01-10,pandas,10577883
2025-01-10,prophet,133979
2025-01-11,pandas,7506113
2025-01-11,prophet,79210
2025-01-12,pandas,7098215
2025-01-12,prophet,85694
2025-01-13,pandas,10270005
2025-01-13,prophet,135738
2025-01-14,pandas,10848032
2025-01-14,prophet,138070
2025-01-15,pandas,10899599
2025-01-15,prophet,133828
2025-01-16,pandas,10640877
2025-01-16,prophet,130660
2025-01-17,pandas,10885572
2025-01-17,prophet,135626
2025-01-18,pandas,7116723
2025-01-18,prophet,83713
2025-01-19,pandas,6744136
2025-01-19,prophet,88857
2025-01-20,pandas,9499084
2025-01-20,prophet,128865
2025-01-21,pandas,10776610
2025-01-21,prophet,144275
2025-01-22,pandas,10871149
2025-01-22,prophet,142096
2025-01-23,pandas,10262365
2025-01-23,prophet,137880
2025-01-24,pandas,9898336
2025-01-24,prophet,126189
2025-01-25,pandas,7233748
2025-01-25,prophet,86158
2025-01-26,pandas,6868170
2025-01-26,prophet,94667
2025-01-27,pandas,10295674
2025-01-27,prophet,139387
2025-01-28,pandas,11435441
2025-01-28,prophet,142032
2025-01-29,pandas,11088975
2025-01-29,prophet,142188
2025-01-30,pandas,10590762
2025-01-30,prophet,138555
2025-01-31,pandas,10416718
2025-01-31,prophet,129882
2025-02-01,pandas,7613764
2025-02-01,prophet,116446
2025-02-02,pandas,7232981
2025-02-02,prophet,99962
2025-02-03,pandas,10419539
2025-02-03,prophet,144025
2025-02-04,pandas,11465248
2025-02-04,prophet,153529
2025-02-05,pandas,11666280
2025-02-05,prophet,138276
2025-02-06,pandas,11611479
2025-02-06,prophet,147591
2025-02-07,pandas,10983091
2025-02-07,prophet,134488
2025-02-08,pandas,7528931
2025-02-08,prophet,89396
2025-02-09,pandas,7271535
2025-02-09,prophet,97549
2025-02-10,pandas,10675991
2025-02-10,prophet,146717
2025-02-11,pandas,10939317
2025-02-11,prophet,141503
2025-02-12,pandas,11224885
2025-02-12,prophet,138199
2025-02-13,pandas,11185453
2025-02-13,prophet,137884
2025-02-14,pandas,10315309
2025-02-14,prophet,127245
2025-02-15,pandas,7242975
2025-02-15,prophet,82904
2025-02-16,pandas,7077991
2025-02-16,prophet,84559
2025-02-17,pandas,9941484
2025-02-17,prophet,136938
2025-02-18,pandas,10961766
2025-02-18,prophet,150424
2025-02-19,pandas,11406519
2025-02-19,prophet,136718
2025-02-20,pandas,11248068
2025-02-20,prophet,128991
2025-02-21,pandas,10376737
2025-02-21,prophet,124787
2025-02-22,pandas,7577940
2025-02-22,prophet,85258
2025-02-23,pandas,7218789
2025-02-23,prophet,78286
2025-02-24,pandas,10825180
2025-02-24,prophet,131097
2025-02-25,pandas,11217939
2025-02-25,prophet,136076
2025-02-26,pandas,11303205
2025-02-26,prophet,130369
2025-02-27,pandas,11563201
2025-02-27,prophet,126896
2025-02-28,pandas,10736722
2025-02-28,prophet,114973
2025-03-01,pandas,7695813
2025-03-01,prophet,97963
2025-03-02,pandas,7021907
2025-03-02,prophet,82540
2025-03-03,pandas,10471885
2025-03-03,prophet,129788
2025-03-04,pandas,11137176
2025-03-04,prophet,137422
2025-03-05,pandas,11088754
2025-03-05,prophet,136555
2025-03-06,pandas,11230071
2025-03-06,prophet,146247
2025-03-07,pandas,11759660
2025-03-07,prophet,138078
2025-03-08,pandas,7343441
2025-03-08,prophet,88669
2025-03-09,pandas,7038388
2025-03-09,prophet,87446
2025-03-10,pandas,10662639
2025-03-10,prophet,143799
2025-03-11,pandas,11104868
2025-03-11,prophet,145070
2025-03-12,pandas,11349424
2025-03-12,prophet,143817
2025-03-13,pandas,11354866
2025-03-13,prophet,139701
2025-03-14,pandas,10644667
2025-03-14,prophet,136751
2025-03-15,pandas,7387887
2025-03-15,prophet,98548
2025-03-16,pandas,7088252
2025-03-16,prophet,100596
2025-03-17,pandas,11177763
2025-03-17,prophet,150795
2025-03-18,pandas,12155148
2025-03-18,prophet,155322
2025-03-19,pandas,12150532
2025-03-19,prophet,154556
2025-03-20,pandas,11504716
2025-03-20,prophet,153202
2025-03-21,pandas,10982355
2025-03-21,prophet,127578
2025-03-22,pandas,7600294
2025-03-22,prophet,95779
2025-03-23,pandas,7229743
2025-03-23,prophet,92325
2025-03-24,pandas,11036307
2025-03-24,prophet,147457
2025-03-25,pandas,11456716
2025-03-25,prophet,163614
2025-03-26,pandas,11317895
2025-03-26,prophet,150163
2025-03-27,pandas,11839138
2025-03-27,prophet,152686
2025-03-28,pandas,11083277
2025-03-28,prophet,139166
2025-03-29,pandas,7716916
2025-03-29,prophet,98247
2025-03-30,pandas,7483477
2025-03-30,prophet,98825
2025-03-31,pandas,10772429
2025-03-31,prophet,140728
2025-04-01,pandas,11901575
2025-04-01,prophet,182225
2025-04-02,pandas,11802144
2025-04-02,prophet,164274
2025-04-03,pandas,11797272
2025-04-03,prophet,167168
2025-04-04,pandas,11025626
2025-04-04,prophet,150809
2025-04-05,pandas,7708203
2025-04-05,prophet,110915
2025-04-06,pandas,7559648
2025-04-06,prophet,112990
2025-04-07,pandas,11511623
2025-04-07,prophet,169015
2025-04-08,pandas,11898912
2025-04-08,prophet,173395
2025-04-09,pandas,11954212
2025-04-09,prophet,162469
2025-04-10,pandas,11956599
2025-04-10,prophet,170166
2025-04-11,pandas,11195505
2025-04-11,prophet,162779
2025-04-12,pandas,7906425
2025-04-12,prophet,111441
2025-04-13,pandas,7711329
2025-04-13,prophet,110729
2025-04-14,pandas,11682618
2025-04-14,prophet,165674
2025-04-15,pandas,12716530
2025-04-15,prophet,168065
2025-04-16,pandas,12762842
2025-04-16,prophet,161258
2025-04-17,pandas,12351730
2025-04-17,prophet,158733
2025-04-18,pandas,11131434
2025-04-18,prophet,147596
2025-04-19,pandas,8764148
2025-04-19,prophet,122819
2025-04-20,pandas,8791791
2025-04-20,prophet,118076
2025-04-21,pandas,11099409
2025-04-21,prophet,153091
2025-04-22,pandas,12614304
2025-04-22,prophet,163536
2025-04-23,pandas,12975191
2025-04-23,prophet,160158
2025-04-24,pandas,12707285
2025-04-24,prophet,156128
2025-04-25,pandas,12470511
2025-04-25,prophet,154138
2025-04-26,pandas,8631550
2025-04-26,prophet,113056
2025-04-27,pandas,8365048
2025-04-27,prophet,115955
2025-04-28,pandas,12086100
2025-04-28,prophet,155874
2025-04-29,pandas,12977530
2025-04-29,prophet,180762
2025-04-30,pandas,12734123
2025-04-30,prophet,177323
2025-05-01,pandas,10992423
2025-05-01,prophet,161548
2025-05-02,pandas,11681945
2025-05-02,prophet,167297
2025-05-03,pandas,8738593
2025-05-03,prophet,120675
2025-05-04,pandas,8278297
2025-05-04,prophet,115945
2025-05-05,pandas,11673341
2025-05-05,prophet,188985
2025-05-06,pandas,13981657
2025-05-06,prophet,184967
2025-05-07,pandas,13440821
2025-05-07,prophet,156917
2025-05-08,pandas,12992152
2025-05-08,prophet,170370
2025-05-09,pandas,12416459
2025-05-09,prophet,157132
2025-05-10,pandas,8404007
2025-05-10,prophet,107183
2025-05-11,pandas,8308145
2025-05-11,prophet,112218
2025-05-12,pandas,12318608
2025-05-12,prophet,178694
2025-05-13,pandas,12997613
2025-05-13,prophet,175046
2025-05-14,pandas,13009468
2025-05-14,prophet,174977
2025-05-15,pandas,13423917
2025-05-15,prophet,175332
2025-05-16,pandas,12807694
2025-05-16,prophet,165663
2025-05-17,pandas,8834044
2025-05-17,prophet,114160
2025-05-18,pandas,8372308
2025-05-18,prophet,105965
2025-05-19,pandas,12360865
2025-05-19,prophet,183223
2025-05-20,pandas,13854620
2025-05-20,prophet,227595
2025-05-21,pandas,13566645
2025-05-21,prophet,204367
2025-05-22,pandas,13429075
2025-05-22,prophet,204276
2025-05-23,pandas,11480676
2025-05-23,prophet,168577
2025-05-24,pandas,8191435
2025-05-24,prophet,115288
2025-05-25,pandas,8065228
2025-05-25,prophet,121151
2025-05-26,pandas,10476318
2025-05-26,prophet,167314
2025-05-27,pandas,12041926
2025-05-27,prophet,185462
2025-05-28,pandas,12193586
2025-05-28,prophet,183088
2025-05-29,pandas,11930210
2025-05-29,prophet,175915
2025-05-30,pandas,11598758
2025-05-30,prophet,155347
2025-05-31,pandas,8164617
2025-05-31,prophet,104887
2025-06-01,pandas,8005718
2025-06-01,prophet,129017
2025-06-02,pandas,11597378
2025-06-02,prophet,162424
2025-06-03,pandas,12425721
2025-06-03,prophet,186507
2025-06-04,pandas,12263704
2025-06-04,prophet,165215
2025-06-05,pandas,12810499
2025-06-05,prophet,168931
2025-06-06,pandas,11852981
2025-06-06,prophet,157436
2025-06-07,pandas,8315468
2025-06-07,prophet,111834
2025-06-08,pandas,8286466
2025-06-08,prophet,114724
2025-06-09,pandas,11786905
2025-06-09,prophet,169542
2025-06-10,pandas,12737798
2025-06-10,prophet,201761
2025-06-11,pandas,12928021
2025-06-11,prophet,168612
2025-06-12,pandas,12035861
2025-06-12,prophet,166983
2025-06-13,pandas,12570534
2025-06-13,prophet,171938
2025-06-14,pandas,8616773
2025-06-14,prophet,123147
2025-06-15,pandas,8363626
2025-06-15,prophet,110241
2025-06-16,pandas,12490461
2025-06-16,prophet,181531
2025-06-17,pandas,5109321
2025-06-17,prophet,79780
