ds;city;pres;prcp
01.01.2020;Aachen;1032.4;0
02.01.2020;Aachen;1027.1;0
03.01.2020;Aachen;1020.7;1.1
04.01.2020;Aachen;1031.6;0
05.01.2020;Aachen;1035.3;0
06.01.2020;Aachen;1027.4;0
07.01.2020;Aachen;1026;0.3
08.01.2020;Aachen;1024.2;3.2
09.01.2020;Aachen;1015;5.9
10.01.2020;Aachen;1019.1;1.1
11.01.2020;Aachen;1031.3;0
12.01.2020;Aachen;1023.5;0
13.01.2020;Aachen;1017.8;0
14.01.2020;Aachen;1007.4;0.1
15.01.2020;Aachen;1012.7;0.6
16.01.2020;Aachen;1024.2;0
17.01.2020;Aachen;1017.2;0.4
18.01.2020;Aachen;1025.7;0
19.01.2020;Aachen;1038.1;0
20.01.2020;Aachen;1046.8;0
21.01.2020;Aachen;1042.8;0
22.01.2020;Aachen;1037.7;0
23.01.2020;Aachen;1031.9;0
24.01.2020;Aachen;1024.5;0
25.01.2020;Aachen;1022.1;0
26.01.2020;Aachen;1016.8;0
27.01.2020;Aachen;1007.1;2.3
28.01.2020;Aachen;996.9;2
29.01.2020;Aachen;1008.2;0
30.01.2020;Aachen;1009.7;0.5
31.01.2020;Aachen;1009.6;0.1
01.02.2020;Aachen;1006.4;7.5
02.02.2020;Aachen;1010.2;2.6
03.02.2020;Aachen;1013.3;3.7
04.02.2020;Aachen;1015.2;7
05.02.2020;Aachen;1034.9;0
06.02.2020;Aachen;1033.1;0
07.02.2020;Aachen;1026;0
08.02.2020;Aachen;1020.3;0.4
09.02.2020;Aachen;1007.5;1.4
10.02.2020;Aachen;998.2;5.4
11.02.2020;Aachen;1006;1.3
12.02.2020;Aachen;1014.9;0.2
13.02.2020;Aachen;1005.3;2.8
14.02.2020;Aachen;1018.4;0.1
15.02.2020;Aachen;1018.3;0
16.02.2020;Aachen;1006;2.6
17.02.2020;Aachen;1014;1.1
18.02.2020;Aachen;1021.5;0
19.02.2020;Aachen;1019.4;2.3
20.02.2020;Aachen;1016.4;2
21.02.2020;Aachen;1025.4;0.2
22.02.2020;Aachen;1022.6;0.1
23.02.2020;Aachen;1018.1;15.8
24.02.2020;Aachen;1016.1;2.2
25.02.2020;Aachen;1001.7;1.9
26.02.2020;Aachen;999.9;2.6
27.02.2020;Aachen;1001.9;9.8
28.02.2020;Aachen;1013.8;1.8
29.02.2020;Aachen;995.8;0.9
01.03.2020;Aachen;995.2;3.4
02.03.2020;Aachen;991.4;5.5
03.03.2020;Aachen;1003.2;0.7
04.03.2020;Aachen;1010.8;0
05.03.2020;Aachen;995;12.6
06.03.2020;Aachen;995.9;9.1
07.03.2020;Aachen;1017.4;0
08.03.2020;Aachen;1013.6;1.2
09.03.2020;Aachen;1012.9;0
10.03.2020;Aachen;1008.3;18.5
11.03.2020;Aachen;1012.3;14.3
12.03.2020;Aachen;1012.1;1.7
13.03.2020;Aachen;1017.8;0
14.03.2020;Aachen;1020.2;0
15.03.2020;Aachen;1014.5;0
16.03.2020;Aachen;1018.9;0
17.03.2020;Aachen;1029.4;0.1
18.03.2020;Aachen;1027.6;0
19.03.2020;Aachen;1025;0
20.03.2020;Aachen;1024.3;3.9
21.03.2020;Aachen;1025.6;4.6
22.03.2020;Aachen;1028.1;0
23.03.2020;Aachen;1031.2;0
24.03.2020;Aachen;1030.3;0
25.03.2020;Aachen;1026.2;0
26.03.2020;Aachen;1021.7;0
27.03.2020;Aachen;1019.3;0
28.03.2020;Aachen;1021.5;0
29.03.2020;Aachen;1024.7;0
30.03.2020;Aachen;1030.9;0
31.03.2020;Aachen;1028.9;0
01.04.2020;Aachen;1022.9;0
02.04.2020;Aachen;1015.5;0
03.04.2020;Aachen;1016.1;0
04.04.2020;Aachen;1023.3;0
05.04.2020;Aachen;1021;0
06.04.2020;Aachen;1020;0
07.04.2020;Aachen;1029.3;0
08.04.2020;Aachen;1025;0
09.04.2020;Aachen;1024.1;0
10.04.2020;Aachen;1025.1;0
11.04.2020;Aachen;1023.1;0
12.04.2020;Aachen;1016.5;0
13.04.2020;Aachen;1019.5;0
14.04.2020;Aachen;1026.6;0
15.04.2020;Aachen;1024.3;0
16.04.2020;Aachen;1017.1;0
17.04.2020;Aachen;1015.9;0
18.04.2020;Aachen;1015.3;1.1
19.04.2020;Aachen;1017;0
20.04.2020;Aachen;1016.3;0
21.04.2020;Aachen;1015.3;0
22.04.2020;Aachen;1017.9;0
23.04.2020;Aachen;1018.7;0
24.04.2020;Aachen;1014.1;0
25.04.2020;Aachen;1013.8;0
26.04.2020;Aachen;1011.5;0
27.04.2020;Aachen;1008.4;0
28.04.2020;Aachen;1004.3;3.4
29.04.2020;Aachen;1005.7;0.5
30.04.2020;Aachen;1002.2;3
01.05.2020;Aachen;1002.1;1.7
02.05.2020;Aachen;1009.4;0.9
03.05.2020;Aachen;1017.2;0.1
04.05.2020;Aachen;1017.6;0
05.05.2020;Aachen;1020.6;0
06.05.2020;Aachen;1024.2;0
07.05.2020;Aachen;1023.8;0
08.05.2020;Aachen;1018.1;0
09.05.2020;Aachen;1012.4;0
10.05.2020;Aachen;1006.2;4.1
11.05.2020;Aachen;1011.3;2.7
12.05.2020;Aachen;1019.4;0
13.05.2020;Aachen;1013.8;0
14.05.2020;Aachen;1018.6;0
15.05.2020;Aachen;1021.1;0
16.05.2020;Aachen;1023.1;0
17.05.2020;Aachen;1024.3;0
18.05.2020;Aachen;1023.6;0
19.05.2020;Aachen;1022.5;0
20.05.2020;Aachen;1022.6;0
21.05.2020;Aachen;1021.2;0
22.05.2020;Aachen;1018.7;1.1
23.05.2020;Aachen;1023.9;0
24.05.2020;Aachen;1029.4;0
25.05.2020;Aachen;1033.6;0
26.05.2020;Aachen;1034.9;0
27.05.2020;Aachen;1033.4;0
28.05.2020;Aachen;1032.4;0
29.05.2020;Aachen;1027.5;0
30.05.2020;Aachen;1023.2;0
31.05.2020;Aachen;1021.9;0
01.06.2020;Aachen;1021.3;0
02.06.2020;Aachen;1017;0
03.06.2020;Aachen;1006.7;0
04.06.2020;Aachen;998.9;9.2
05.06.2020;Aachen;997.3;8.8
06.06.2020;Aachen;1000.9;0
07.06.2020;Aachen;1007.4;0
08.06.2020;Aachen;1014.4;0
09.06.2020;Aachen;1017.7;0
10.06.2020;Aachen;1015.9;2.3
11.06.2020;Aachen;1010.8;0.7
12.06.2020;Aachen;1007.3;0
13.06.2020;Aachen;1010.5;2.1
14.06.2020;Aachen;1014.5;1.8
15.06.2020;Aachen;1017;0
16.06.2020;Aachen;1015.8;0
17.06.2020;Aachen;1012.7;10.5
18.06.2020;Aachen;1011.8;12.5
19.06.2020;Aachen;1016.3;0
20.06.2020;Aachen;1021.4;0
21.06.2020;Aachen;1020.4;0
22.06.2020;Aachen;1024.9;0
23.06.2020;Aachen;1025.2;0
24.06.2020;Aachen;1022.1;0
25.06.2020;Aachen;1018;0
26.06.2020;Aachen;1012.2;0
27.06.2020;Aachen;1010.4;0
28.06.2020;Aachen;1013.4;0
29.06.2020;Aachen;1013.2;0
30.06.2020;Aachen;1011.1;1.5
01.07.2020;Aachen;1008;14.5
02.07.2020;Aachen;1011.7;0
03.07.2020;Aachen;1017.6;0
04.07.2020;Aachen;1016.4;0.7
05.07.2020;Aachen;1013.7;1.5
06.07.2020;Aachen;1017;0
07.07.2020;Aachen;1020.8;0
08.07.2020;Aachen;1016.4;17.7
09.07.2020;Aachen;1014.2;6.8
10.07.2020;Aachen;1013.7;0
11.07.2020;Aachen;1024.1;0
12.07.2020;Aachen;1027.6;0
13.07.2020;Aachen;1023.4;0
14.07.2020;Aachen;1016.3;0.4
15.07.2020;Aachen;1015.1;0
16.07.2020;Aachen;1017.7;4.8
17.07.2020;Aachen;1021.1;0
18.07.2020;Aachen;1019.4;0
19.07.2020;Aachen;1016.5;0
20.07.2020;Aachen;1019.4;0
21.07.2020;Aachen;1024;0
22.07.2020;Aachen;1023.6;0
23.07.2020;Aachen;1017.8;0
24.07.2020;Aachen;1012.9;0
25.07.2020;Aachen;1012.1;0.5
26.07.2020;Aachen;1011;7.8
27.07.2020;Aachen;1013;0
28.07.2020;Aachen;1012.5;0
29.07.2020;Aachen;1019.9;0
30.07.2020;Aachen;1020.2;0
31.07.2020;Aachen;1015.6;0
01.08.2020;Aachen;1014.5;0
02.08.2020;Aachen;1015.7;0
03.08.2020;Aachen;1014.1;0
04.08.2020;Aachen;1016.6;0
05.08.2020;Aachen;1016.4;0
06.08.2020;Aachen;1018.3;0
07.08.2020;Aachen;1019.3;0
08.08.2020;Aachen;1018.7;0
09.08.2020;Aachen;1016.9;0
10.08.2020;Aachen;1014.2;0
11.08.2020;Aachen;1014.5;0
12.08.2020;Aachen;1013.8;0
13.08.2020;Aachen;1012.3;0
14.08.2020;Aachen;1013.5;0
15.08.2020;Aachen;1014.6;0
16.08.2020;Aachen;1011.2;0.7
17.08.2020;Aachen;1010.2;0
18.08.2020;Aachen;1011.7;0
19.08.2020;Aachen;1009.5;0
20.08.2020;Aachen;1006.8;1.4
21.08.2020;Aachen;1009.1;0
22.08.2020;Aachen;1015.5;0
23.08.2020;Aachen;1017;0
24.08.2020;Aachen;1016.7;0
25.08.2020;Aachen;1010.8;1.2
26.08.2020;Aachen;1009.9;0
27.08.2020;Aachen;1015.9;0
28.08.2020;Aachen;1003.3;0.7
29.08.2020;Aachen;1004.1;0
30.08.2020;Aachen;1009.8;2.3
31.08.2020;Aachen;1018.3;5.3
01.09.2020;Aachen;1019.5;0
02.09.2020;Aachen;1019.2;0
03.09.2020;Aachen;1019.5;2.5
04.09.2020;Aachen;1021.2;0.4
05.09.2020;Aachen;1019.7;1.4
06.09.2020;Aachen;1020.6;0
07.09.2020;Aachen;1024.1;0
08.09.2020;Aachen;1025.9;0
09.09.2020;Aachen;1023;0
10.09.2020;Aachen;1022.3;0
11.09.2020;Aachen;1017.7;0
12.09.2020;Aachen;1019.7;0
13.09.2020;Aachen;1025.4;0
14.09.2020;Aachen;1023.7;0
15.09.2020;Aachen;1019.7;0
16.09.2020;Aachen;1019.8;0
17.09.2020;Aachen;1026.1;0
18.09.2020;Aachen;1022.9;0
19.09.2020;Aachen;1017.8;0
20.09.2020;Aachen;1016.3;0
21.09.2020;Aachen;1015.6;0
22.09.2020;Aachen;1011.1;0
23.09.2020;Aachen;1005.7;0
24.09.2020;Aachen;1002.6;1.8
25.09.2020;Aachen;997.3;2.4
26.09.2020;Aachen;998.5;10
27.09.2020;Aachen;1000.4;8.1
28.09.2020;Aachen;1009.7;4.6
29.09.2020;Aachen;1015.6;5.7
30.09.2020;Aachen;1014.5;0
01.10.2020;Aachen;1002.9;3.6
02.10.2020;Aachen;993.1;0.8
03.10.2020;Aachen;989.5;2
04.10.2020;Aachen;991.3;3
05.10.2020;Aachen;999;2.7
06.10.2020;Aachen;1001.5;5
07.10.2020;Aachen;1010.8;1
08.10.2020;Aachen;1015.6;4.7
09.10.2020;Aachen;1018.1;3.6
10.10.2020;Aachen;1020.3;1
11.10.2020;Aachen;1020.9;0
12.10.2020;Aachen;1020.7;0
13.10.2020;Aachen;1013.5;0
14.10.2020;Aachen;1016.9;0
15.10.2020;Aachen;1019.6;2.3
16.10.2020;Aachen;1022.4;0
17.10.2020;Aachen;1021.6;0
18.10.2020;Aachen;1023.1;0
19.10.2020;Aachen;1021.7;0
20.10.2020;Aachen;1010.9;1.2
21.10.2020;Aachen;1004.8;4.4
22.10.2020;Aachen;1011.6;1.1
23.10.2020;Aachen;1011.8;3.3
24.10.2020;Aachen;1012.3;0
25.10.2020;Aachen;1003.6;6.8
26.10.2020;Aachen;1002.4;0
27.10.2020;Aachen;1005.2;1.1
28.10.2020;Aachen;1007.9;3.6
29.10.2020;Aachen;1015.4;6.9
30.10.2020;Aachen;1020.4;2.7
31.10.2020;Aachen;1019.5;0
01.11.2020;Aachen;1012.3;3.7
02.11.2020;Aachen;1010.9;3
03.11.2020;Aachen;1022.5;0
04.11.2020;Aachen;1032.1;0
05.11.2020;Aachen;1038.6;0
06.11.2020;Aachen;1032.5;0
07.11.2020;Aachen;1024.1;0
08.11.2020;Aachen;1022.4;0
09.11.2020;Aachen;1023.1;0
10.11.2020;Aachen;1025.5;0.3
11.11.2020;Aachen;1024.7;0
12.11.2020;Aachen;1018.3;0
13.11.2020;Aachen;1017.7;0.5
14.11.2020;Aachen;1016.1;0
15.11.2020;Aachen;1007;4.3
16.11.2020;Aachen;1014.1;0.2
17.11.2020;Aachen;1024.9;0.6
18.11.2020;Aachen;1022.6;0
19.11.2020;Aachen;1022.9;1.8
20.11.2020;Aachen;1034.9;0
21.11.2020;Aachen;1031.6;0
22.11.2020;Aachen;1027;0.3
23.11.2020;Aachen;1028.4;0
24.11.2020;Aachen;1023.7;0
25.11.2020;Aachen;1017.9;0
26.11.2020;Aachen;1021.1;0
27.11.2020;Aachen;1019.6;0
28.11.2020;Aachen;1019.9;0
29.11.2020;Aachen;1025.6;0
30.11.2020;Aachen;1024.8;3
01.12.2020;Aachen;1016.1;7.5
02.12.2020;Aachen;1017.4;0.1
03.12.2020;Aachen;999.6;1.1
04.12.2020;Aachen;985.3;1.4
05.12.2020;Aachen;996.9;0
06.12.2020;Aachen;1001.1;0.1
07.12.2020;Aachen;1000.1;1.7
08.12.2020;Aachen;1003.7;0.4
09.12.2020;Aachen;1010.5;0
10.12.2020;Aachen;1007;0
11.12.2020;Aachen;994.9;1.2
12.12.2020;Aachen;997.6;2.5
13.12.2020;Aachen;1009.7;0.9
14.12.2020;Aachen;1007.8;1
15.12.2020;Aachen;1010.4;4.5
16.12.2020;Aachen;1015.6;0
17.12.2020;Aachen;1018.6;1.6
18.12.2020;Aachen;1021.1;0
19.12.2020;Aachen;1014.6;0
20.12.2020;Aachen;1018.1;0
21.12.2020;Aachen;1016.5;3.6
22.12.2020;Aachen;1013.3;7
23.12.2020;Aachen;1010.7;11
24.12.2020;Aachen;1011.3;6.2
25.12.2020;Aachen;1023.9;0.4
26.12.2020;Aachen;1022.4;0
27.12.2020;Aachen;989;5.6
28.12.2020;Aachen;977.8;4.1
29.12.2020;Aachen;988.1;0
30.12.2020;Aachen;1002;0
31.12.2020;Aachen;1003.6;4.1
01.01.2021;Aachen;1009.7;0.9
02.01.2021;Aachen;1014.4;0
03.01.2021;Aachen;1015;0.8
04.01.2021;Aachen;1015.7;0.6
05.01.2021;Aachen;1016.4;0.1
06.01.2021;Aachen;1016.4;0.5
07.01.2021;Aachen;1014.8;2.5
08.01.2021;Aachen;1016.3;5.5
09.01.2021;Aachen;1024.3;0
10.01.2021;Aachen;1025.7;0
11.01.2021;Aachen;1020.9;0
12.01.2021;Aachen;1011.2;9.8
13.01.2021;Aachen;1017.9;0
14.01.2021;Aachen;1018.6;0.3
15.01.2021;Aachen;1026.8;0
16.01.2021;Aachen;1025.5;1.6
17.01.2021;Aachen;1019.4;3.1
18.01.2021;Aachen;1023.6;0.3
19.01.2021;Aachen;1011.7;8
20.01.2021;Aachen;1000.6;0
21.01.2021;Aachen;991.8;5
22.01.2021;Aachen;993.2;3.2
23.01.2021;Aachen;995.7;2.7
24.01.2021;Aachen;998.6;4
25.01.2021;Aachen;1004.8;1.9
26.01.2021;Aachen;1017.4;0.2
27.01.2021;Aachen;1013.5;1.5
28.01.2021;Aachen;1004.7;16.6
29.01.2021;Aachen;998.1;9.6
30.01.2021;Aachen;1000.3;10.2
31.01.2021;Aachen;1000.5;0.8
01.02.2021;Aachen;994.4;2.8
02.02.2021;Aachen;1001.2;2.8
03.02.2021;Aachen;998.7;6.7
04.02.2021;Aachen;1012.4;0.7
05.02.2021;Aachen;1011.5;0
06.02.2021;Aachen;1006.8;5.3
07.02.2021;Aachen;996.9;9.9
08.02.2021;Aachen;999.5;3.2
09.02.2021;Aachen;1006.3;0.2
10.02.2021;Aachen;1012.7;0
11.02.2021;Aachen;1028.4;0
12.02.2021;Aachen;1032.1;0
13.02.2021;Aachen;1037.6;0
14.02.2021;Aachen;1035.1;0
15.02.2021;Aachen;1026;2.1
16.02.2021;Aachen;1017.2;1
17.02.2021;Aachen;1017.2;0.5
18.02.2021;Aachen;1011.5;3.4
19.02.2021;Aachen;1016.1;0
20.02.2021;Aachen;1013.5;0
21.02.2021;Aachen;1014.4;0
22.02.2021;Aachen;1019.1;0
23.02.2021;Aachen;1029.5;0
24.02.2021;Aachen;1029.9;0
25.02.2021;Aachen;1027.2;0
26.02.2021;Aachen;1034.1;2.2
27.02.2021;Aachen;1039.7;0
28.02.2021;Aachen;1036.6;0
01.03.2021;Aachen;1032.4;0
02.03.2021;Aachen;1030.6;0
03.03.2021;Aachen;1028.3;0
04.03.2021;Aachen;1021.8;6
05.03.2021;Aachen;1027.7;0
06.03.2021;Aachen;1032.8;0
07.03.2021;Aachen;1026.1;0
08.03.2021;Aachen;1023.6;0
09.03.2021;Aachen;1019.6;2.2
10.03.2021;Aachen;1016.7;1.2
11.03.2021;Aachen;1001.8;3.4
12.03.2021;Aachen;1006.9;2.7
13.03.2021;Aachen;998.8;9.5
14.03.2021;Aachen;1010.2;2.5
15.03.2021;Aachen;1014.9;5.5
16.03.2021;Aachen;1024.2;4
17.03.2021;Aachen;1026.3;3.7
18.03.2021;Aachen;1024.6;1
19.03.2021;Aachen;1023.6;0.7
20.03.2021;Aachen;1028.9;0
21.03.2021;Aachen;1024.3;0
22.03.2021;Aachen;1025.6;0
23.03.2021;Aachen;1026.2;0
24.03.2021;Aachen;1023.1;0
25.03.2021;Aachen;1021;0
26.03.2021;Aachen;1017.2;0.4
27.03.2021;Aachen;1021.4;5
28.03.2021;Aachen;1024.3;1.08
29.03.2021;Aachen;1029.8;0
30.03.2021;Aachen;1030.1;0
31.03.2021;Aachen;1023;0
01.04.2021;Aachen;1021.1;0
02.04.2021;Aachen;1025.4;0
03.04.2021;Aachen;1027.1;0
04.04.2021;Aachen;1025;0
05.04.2021;Aachen;1012.9;2.8
06.04.2021;Aachen;1015.3;3.1
07.04.2021;Aachen;1019.1;5.6
08.04.2021;Aachen;1024.1;0
09.04.2021;Aachen;1015.4;0
10.04.2021;Aachen;1011.4;13.1
11.04.2021;Aachen;1012.7;13.9
12.04.2021;Aachen;1027.1;0.7
13.04.2021;Aachen;1032.4;0
14.04.2021;Aachen;1031.3;0
15.04.2021;Aachen;1030.3;0
16.04.2021;Aachen;1028.1;0
17.04.2021;Aachen;1025.4;0
18.04.2021;Aachen;1022.9;0
19.04.2021;Aachen;1020.4;1.4
20.04.2021;Aachen;1017.8;0
21.04.2021;Aachen;1017.7;0
22.04.2021;Aachen;1025.4;0
23.04.2021;Aachen;1028.8;0
24.04.2021;Aachen;1026.9;0
25.04.2021;Aachen;1026.3;0
26.04.2021;Aachen;1019.8;0
27.04.2021;Aachen;1010.4;0
28.04.2021;Aachen;1004.2;0
29.04.2021;Aachen;1005.6;1.3
30.04.2021;Aachen;1013.8;0
01.05.2021;Aachen;1014.5;0
02.05.2021;Aachen;1018.8;0
03.05.2021;Aachen;1019.1;0
04.05.2021;Aachen;1001.9;2.5
05.05.2021;Aachen;1006.8;3.8
06.05.2021;Aachen;1007.7;2.7
07.05.2021;Aachen;1014.2;1.8
08.05.2021;Aachen;1014.4;1.1
09.05.2021;Aachen;1004.1;0
10.05.2021;Aachen;1004.9;0
11.05.2021;Aachen;1009.1;3.1
12.05.2021;Aachen;1011.9;0.1
13.05.2021;Aachen;1008.1;1
14.05.2021;Aachen;1008.2;2.2
15.05.2021;Aachen;1005.4;3.9
16.05.2021;Aachen;1002.4;2.5
17.05.2021;Aachen;1004.5;4.6
18.05.2021;Aachen;1013.3;5.8
19.05.2021;Aachen;1017.2;3
20.05.2021;Aachen;1019.5;0
21.05.2021;Aachen;1006.5;0
22.05.2021;Aachen;1005;4.4
23.05.2021;Aachen;1013.4;1.6
24.05.2021;Aachen;1009.8;3.6
25.05.2021;Aachen;1013.4;8.3
26.05.2021;Aachen;1013.6;6.3
27.05.2021;Aachen;1018.4;1.8
28.05.2021;Aachen;1023.8;0
29.05.2021;Aachen;1025.6;0
30.05.2021;Aachen;1026.4;0
31.05.2021;Aachen;1022.1;0
01.06.2021;Aachen;1017.2;0
02.06.2021;Aachen;1014.7;0
03.06.2021;Aachen;1019.4;2.2
04.06.2021;Aachen;1020.6;2
05.06.2021;Aachen;1021;2.3
06.06.2021;Aachen;1024;0
07.06.2021;Aachen;1023.5;0
08.06.2021;Aachen;1023;0
09.06.2021;Aachen;1022;0
10.06.2021;Aachen;1021.3;0
11.06.2021;Aachen;1019.9;0
12.06.2021;Aachen;1021.5;0
13.06.2021;Aachen;1027;0
14.06.2021;Aachen;1021.4;0
15.06.2021;Aachen;1019.4;0
16.06.2021;Aachen;1014.4;0
17.06.2021;Aachen;1010.9;0
18.06.2021;Aachen;1012.6;0
19.06.2021;Aachen;1013.8;1
20.06.2021;Aachen;1008.5;5.2
21.06.2021;Aachen;1008.4;11.6
22.06.2021;Aachen;1015.3;8.2
23.06.2021;Aachen;1020.1;1.5
24.06.2021;Aachen;1020.3;0
25.06.2021;Aachen;1019;0
26.06.2021;Aachen;1018;0
27.06.2021;Aachen;1015.1;2.9
28.06.2021;Aachen;1013.9;0
29.06.2021;Aachen;1012.5;7.2
30.06.2021;Aachen;1013.3;12
01.07.2021;Aachen;1016.6;3.5
02.07.2021;Aachen;1017.9;0
03.07.2021;Aachen;1015.3;0.4
04.07.2021;Aachen;1011.3;4.4
05.07.2021;Aachen;1009.2;4.1
06.07.2021;Aachen;1007.1;1.5
07.07.2021;Aachen;1015.2;0
08.07.2021;Aachen;1020.1;3.4
09.07.2021;Aachen;1022;0
10.07.2021;Aachen;1017.6;3.1
11.07.2021;Aachen;1016.6;3
12.07.2021;Aachen;1011.4;0.5
13.07.2021;Aachen;1009.6;25.2
14.07.2021;Aachen;1010.6;43.8
15.07.2021;Aachen;1013.6;23.6
16.07.2021;Aachen;1021.7;2.5
17.07.2021;Aachen;1024.8;0
18.07.2021;Aachen;1023.5;0
19.07.2021;Aachen;1021.6;0
20.07.2021;Aachen;1021.3;0
21.07.2021;Aachen;1022.9;0
22.07.2021;Aachen;1022.2;0
23.07.2021;Aachen;1017.3;0
24.07.2021;Aachen;1009.6;5.7
25.07.2021;Aachen;1009;0
26.07.2021;Aachen;1010.6;1.6
27.07.2021;Aachen;1012.4;1.7
28.07.2021;Aachen;1011.3;0
29.07.2021;Aachen;1012.4;0
30.07.2021;Aachen;1009.4;0
31.07.2021;Aachen;1009.2;0
01.08.2021;Aachen;1010.9;3.4
02.08.2021;Aachen;1014.4;3
03.08.2021;Aachen;1013.7;10.2
04.08.2021;Aachen;1013.6;0
05.08.2021;Aachen;1009.4;0
06.08.2021;Aachen;1003.9;4.7
07.08.2021;Aachen;1003.6;2.8
08.08.2021;Aachen;1009.5;0
09.08.2021;Aachen;1016;2.9
10.08.2021;Aachen;1017.1;0
11.08.2021;Aachen;1019.6;0
12.08.2021;Aachen;1019.9;0
13.08.2021;Aachen;1021.4;0
14.08.2021;Aachen;1021.6;0
15.08.2021;Aachen;1015;0
16.08.2021;Aachen;1013.6;4.2
17.08.2021;Aachen;1018.8;3.5
18.08.2021;Aachen;1016.7;1.4
19.08.2021;Aachen;1015.3;0
20.08.2021;Aachen;1017.2;0
21.08.2021;Aachen;1017.6;0.8
22.08.2021;Aachen;1016.7;10
23.08.2021;Aachen;1022.5;0
24.08.2021;Aachen;1026.3;0
25.08.2021;Aachen;1023.1;0
26.08.2021;Aachen;1016.4;0
27.08.2021;Aachen;1018.5;2.3
28.08.2021;Aachen;1019.9;7.4
29.08.2021;Aachen;1020.1;12.2
30.08.2021;Aachen;1020;0.9
31.08.2021;Aachen;1024.5;0
01.09.2021;Aachen;1028.1;0
02.09.2021;Aachen;1026.2;0
03.09.2021;Aachen;1020.7;0
04.09.2021;Aachen;1017.8;0
05.09.2021;Aachen;1020.1;0
06.09.2021;Aachen;1023.5;0
07.09.2021;Aachen;1023.1;0
08.09.2021;Aachen;1016.5;0
09.09.2021;Aachen;1011.6;0
10.09.2021;Aachen;1013.4;3.8
11.09.2021;Aachen;1017.3;0
12.09.2021;Aachen;1018.9;0
13.09.2021;Aachen;1018.5;0
14.09.2021;Aachen;1014.2;0
15.09.2021;Aachen;1012.1;6
16.09.2021;Aachen;1017.3;0
17.09.2021;Aachen;1017;0
18.09.2021;Aachen;1016.3;0
19.09.2021;Aachen;1014.6;0
20.09.2021;Aachen;1019.7;0
21.09.2021;Aachen;1028.8;0
22.09.2021;Aachen;1028.8;0
23.09.2021;Aachen;1020.8;0
24.09.2021;Aachen;1017.7;0
25.09.2021;Aachen;1016.3;0
26.09.2021;Aachen;1015.3;0
27.09.2021;Aachen;1015.9;1.3
28.09.2021;Aachen;1022.1;0
29.09.2021;Aachen;1018.3;3
30.09.2021;Aachen;1025.8;0
01.10.2021;Aachen;1017.3;0.7
02.10.2021;Aachen;1009;2.4
03.10.2021;Aachen;1000.7;10.5
04.10.2021;Aachen;1015.5;0
05.10.2021;Aachen;1008.5;1.7
06.10.2021;Aachen;1015.1;4.1
07.10.2021;Aachen;1026.7;0
08.10.2021;Aachen;1030.1;0
09.10.2021;Aachen;1028.6;0
10.10.2021;Aachen;1027.3;0
11.10.2021;Aachen;1027.3;0
12.10.2021;Aachen;1022.7;4.8
13.10.2021;Aachen;1026.1;0
14.10.2021;Aachen;1025.6;0
15.10.2021;Aachen;1019.6;0
16.10.2021;Aachen;1022.6;0
17.10.2021;Aachen;1021.2;0
18.10.2021;Aachen;1022.4;0
19.10.2021;Aachen;1018.4;2.6
20.10.2021;Aachen;1007.6;1.2
21.10.2021;Aachen;1002.5;13.4
22.10.2021;Aachen;1018.7;0
23.10.2021;Aachen;1027.1;0
24.10.2021;Aachen;1024.4;0
25.10.2021;Aachen;1019.5;0
26.10.2021;Aachen;1021.3;0
27.10.2021;Aachen;1023.6;0
28.10.2021;Aachen;1017.5;0
29.10.2021;Aachen;1008.8;0
30.10.2021;Aachen;1004;3.7
31.10.2021;Aachen;1003;4.4
01.11.2021;Aachen;1000.6;0.2
02.11.2021;Aachen;1000.7;3
03.11.2021;Aachen;1001.5;3.9
04.11.2021;Aachen;1007.7;1.1
05.11.2021;Aachen;1022.8;0
06.11.2021;Aachen;1027.9;0
07.11.2021;Aachen;1019.2;0.6
08.11.2021;Aachen;1023.7;0
09.11.2021;Aachen;1026.9;0
10.11.2021;Aachen;1025.4;0
11.11.2021;Aachen;1025.1;0
12.11.2021;Aachen;1018.5;0
13.11.2021;Aachen;1012.9;4
14.11.2021;Aachen;1021.4;0
15.11.2021;Aachen;1025.6;0
16.11.2021;Aachen;1023.4;0
17.11.2021;Aachen;1023;0
18.11.2021;Aachen;1029.7;0
19.11.2021;Aachen;1030.8;0
20.11.2021;Aachen;1025.6;0
21.11.2021;Aachen;1014.5;1.6
22.11.2021;Aachen;1025.1;0
23.11.2021;Aachen;1030.7;0
24.11.2021;Aachen;1022.9;0
25.11.2021;Aachen;1012.7;0
26.11.2021;Aachen;998.3;2.4
27.11.2021;Aachen;989.7;2.8
28.11.2021;Aachen;998.3;0.4
29.11.2021;Aachen;1009.3;1.2
30.11.2021;Aachen;1010.1;11.9
01.12.2021;Aachen;997.7;11.2
02.12.2021;Aachen;1004.2;2.4
03.12.2021;Aachen;1009.7;0.3
04.12.2021;Aachen;997.8;7
05.12.2021;Aachen;1002.9;0.7
06.12.2021;Aachen;1012.3;2.6
07.12.2021;Aachen;1006.4;2.7
08.12.2021;Aachen;998.2;1.4
09.12.2021;Aachen;1004.5;0.4
10.12.2021;Aachen;995.1;4.4
11.12.2021;Aachen;1015.3;0.3
12.12.2021;Aachen;1023.6;5.1
13.12.2021;Aachen;1027.9;0
14.12.2021;Aachen;1028.9;0
15.12.2021;Aachen;1032.3;0
16.12.2021;Aachen;1037.7;0
17.12.2021;Aachen;1040;0
18.12.2021;Aachen;1039;0
19.12.2021;Aachen;1032.9;0
20.12.2021;Aachen;1028.2;0
21.12.2021;Aachen;1026.7;0
22.12.2021;Aachen;1024.3;0
23.12.2021;Aachen;1012.9;0.3
24.12.2021;Aachen;1006.7;0.5
25.12.2021;Aachen;1006;8.1
26.12.2021;Aachen;1005.7;1.2
27.12.2021;Aachen;1000;1.8
28.12.2021;Aachen;994.9;7.3
29.12.2021;Aachen;1007.1;5.8
30.12.2021;Aachen;1016.6;0.2
31.12.2021;Aachen;1020.5;0
01.01.2022;Aachen;1023.9;0
02.01.2022;Aachen;1015.5;2.5
03.01.2022;Aachen;1011.8;3.8
04.01.2022;Aachen;999.2;14.3
05.01.2022;Aachen;1007.9;2.2
06.01.2022;Aachen;1019.1;0
07.01.2022;Aachen;1013;1.9
08.01.2022;Aachen;1006.8;4.1
09.01.2022;Aachen;1000.9;6.9
10.01.2022;Aachen;1021.4;0
11.01.2022;Aachen;1033.7;0
12.01.2022;Aachen;1039.7;0
13.01.2022;Aachen;1041.6;0
14.01.2022;Aachen;1036.6;0
15.01.2022;Aachen;1028.7;0
16.01.2022;Aachen;1026.8;0.3
17.01.2022;Aachen;1034.9;0
18.01.2022;Aachen;1038.1;0
19.01.2022;Aachen;1027;0.8
20.01.2022;Aachen;1029.3;0
21.01.2022;Aachen;1034.9;0.3
22.01.2022;Aachen;1035.4;1.3
23.01.2022;Aachen;1036.2;0
24.01.2022;Aachen;1034.4;0
25.01.2022;Aachen;1034;0
26.01.2022;Aachen;1033.5;0
27.01.2022;Aachen;1027.5;2.1
28.01.2022;Aachen;1034.1;0
29.01.2022;Aachen;1027.4;0.4
30.01.2022;Aachen;1029.3;0
31.01.2022;Aachen;1014.9;8.9
01.02.2022;Aachen;1018.6;2.8
02.02.2022;Aachen;1020.3;1
03.02.2022;Aachen;1017.7;0.6
04.02.2022;Aachen;1012.2;1.6
05.02.2022;Aachen;1020.6;0
06.02.2022;Aachen;1008.1;23.4
07.02.2022;Aachen;1022.3;1.5
08.02.2022;Aachen;1028.9;0.7
09.02.2022;Aachen;1026.6;0
10.02.2022;Aachen;1021.7;5.8
11.02.2022;Aachen;1029.9;0.6
12.02.2022;Aachen;1029;0
13.02.2022;Aachen;1013.5;0
14.02.2022;Aachen;1003.1;0
15.02.2022;Aachen;1010.7;2.2
16.02.2022;Aachen;1000.9;10.2
17.02.2022;Aachen;1006.3;2.6
18.02.2022;Aachen;1003.6;4.3
19.02.2022;Aachen;1012.6;1.1
20.02.2022;Aachen;1008.7;10.3
21.02.2022;Aachen;1004.3;9.8
22.02.2022;Aachen;1018.8;3
23.02.2022;Aachen;1024.4;0
24.02.2022;Aachen;1013.9;4
25.02.2022;Aachen;1023.6;0.8
26.02.2022;Aachen;1034.2;0
27.02.2022;Aachen;1030.9;0
28.02.2022;Aachen;1030.4;0
01.03.2022;Aachen;1028;0
02.03.2022;Aachen;1023.3;0
03.03.2022;Aachen;1018.6;0
04.03.2022;Aachen;1020.2;0
05.03.2022;Aachen;1020.9;0
06.03.2022;Aachen;1025;0
07.03.2022;Aachen;1025.9;0
08.03.2022;Aachen;1021.4;0
09.03.2022;Aachen;1022.9;0
10.03.2022;Aachen;1022.7;0
11.03.2022;Aachen;1015.2;0
12.03.2022;Aachen;1016.5;0
13.03.2022;Aachen;1014.8;0
14.03.2022;Aachen;1025.1;1.5
15.03.2022;Aachen;1025.3;2.9
16.03.2022;Aachen;1022.2;0
17.03.2022;Aachen;1029;1.1
18.03.2022;Aachen;1041.1;0
19.03.2022;Aachen;1038.9;0
20.03.2022;Aachen;1028.4;0
21.03.2022;Aachen;1030.7;0
22.03.2022;Aachen;1031.2;0
23.03.2022;Aachen;1030.8;0
24.03.2022;Aachen;1029.6;0
25.03.2022;Aachen;1029.7;0
26.03.2022;Aachen;1030.9;0
27.03.2022;Aachen;1019.94;0.38
28.03.2022;Aachen;1023.2;0
29.03.2022;Aachen;1011.8;0
30.03.2022;Aachen;1004.1;1.9
31.03.2022;Aachen;1000.3;7.3
01.04.2022;Aachen;1006.2;5.5
02.04.2022;Aachen;1016.9;3
03.04.2022;Aachen;1023.3;0
04.04.2022;Aachen;1014.6;7.5
05.04.2022;Aachen;1007.9;13.1
06.04.2022;Aachen;1003.6;0.8
07.04.2022;Aachen;991.2;11.2
08.04.2022;Aachen;999.3;4.2
09.04.2022;Aachen;1011.7;0.5
10.04.2022;Aachen;1020.7;0
11.04.2022;Aachen;1016.4;0
12.04.2022;Aachen;1010.7;0
13.04.2022;Aachen;1016.2;0
14.04.2022;Aachen;1021.8;0
15.04.2022;Aachen;1026.5;0
16.04.2022;Aachen;1030.6;0
17.04.2022;Aachen;1026.5;0
18.04.2022;Aachen;1018.6;0
19.04.2022;Aachen;1014;0
20.04.2022;Aachen;1014.8;0
21.04.2022;Aachen;1011.7;0
22.04.2022;Aachen;1006.3;0
23.04.2022;Aachen;1002.7;0
24.04.2022;Aachen;1002.8;0
25.04.2022;Aachen;1010.8;0.8
26.04.2022;Aachen;1017.7;4.2
27.04.2022;Aachen;1024.9;0
28.04.2022;Aachen;1028.7;0
29.04.2022;Aachen;1028.1;0
30.04.2022;Aachen;1026.9;0
01.05.2022;Aachen;1023.6;0
02.05.2022;Aachen;1019.4;0
03.05.2022;Aachen;1018.4;0
04.05.2022;Aachen;1018.7;0
05.05.2022;Aachen;1022;0
06.05.2022;Aachen;1025.2;0
07.05.2022;Aachen;1023.7;0
08.05.2022;Aachen;1025.8;0
09.05.2022;Aachen;1025;0
10.05.2022;Aachen;1018.5;0
11.05.2022;Aachen;1012.4;0
12.05.2022;Aachen;1017.9;0
13.05.2022;Aachen;1020.6;0
14.05.2022;Aachen;1021.6;0
15.05.2022;Aachen;1017.8;0
16.05.2022;Aachen;1016.1;0
17.05.2022;Aachen;1020.2;0
18.05.2022;Aachen;1020.5;0
19.05.2022;Aachen;1018.4;2.6
20.05.2022;Aachen;1018.9;8.4
21.05.2022;Aachen;1021.9;0
22.05.2022;Aachen;1015.6;0
23.05.2022;Aachen;1002.5;4.4
24.05.2022;Aachen;1006.9;0.2
25.05.2022;Aachen;1015.6;0
26.05.2022;Aachen;1020.9;0
27.05.2022;Aachen;1022.4;0
28.05.2022;Aachen;1022.6;0
29.05.2022;Aachen;1018.2;0
30.05.2022;Aachen;1014.6;0
31.05.2022;Aachen;1015.3;0
01.06.2022;Aachen;1015.5;0
02.06.2022;Aachen;1015.7;0
03.06.2022;Aachen;1015.6;0
04.06.2022;Aachen;1015.65;0
05.06.2022;Aachen;1015.625;0
06.06.2022;Aachen;1015.6375;0
07.06.2022;Aachen;1015.63125;0
08.06.2022;Aachen;1015.634375;0
09.06.2022;Aachen;1015.632813;0
10.06.2022;Aachen;1015.633594;0
11.06.2022;Aachen;1017.888802;0
12.06.2022;Aachen;1018.480599;0
13.06.2022;Aachen;1019.57388;0
14.06.2022;Aachen;1022.4;0
15.06.2022;Aachen;1018;0
16.06.2022;Aachen;1021.1;0
17.06.2022;Aachen;1022.7;0
18.06.2022;Aachen;1016.5;0
19.06.2022;Aachen;1010.3;0
20.06.2022;Aachen;1015.1;0
21.06.2022;Aachen;1014.8;0
22.06.2022;Aachen;1011.8;0
23.06.2022;Aachen;1010.8;0
24.06.2022;Aachen;1008.3;0
25.06.2022;Aachen;1011.4;0
26.06.2022;Aachen;1015;0
27.06.2022;Aachen;1016.9;0
28.06.2022;Aachen;1020.6;0
29.06.2022;Aachen;1014.4;0
30.06.2022;Aachen;1012.4;0
01.07.2022;Aachen;1018.8;0
02.07.2022;Aachen;1021.3;0
03.07.2022;Aachen;1019;0
04.07.2022;Aachen;1020.7;0
05.07.2022;Aachen;1022.7;0
06.07.2022;Aachen;1025.8;0
07.07.2022;Aachen;1024;0
08.07.2022;Aachen;1031;0
09.07.2022;Aachen;1027.6;0
10.07.2022;Aachen;1026.6;0
11.07.2022;Aachen;1024.2;0
12.07.2022;Aachen;1024.3;0
13.07.2022;Aachen;1021;0
14.07.2022;Aachen;1020.2;0
15.07.2022;Aachen;1022.9;0
16.07.2022;Aachen;1023.7;0
17.07.2022;Aachen;1026.4;0
18.07.2022;Aachen;1022.2;0
19.07.2022;Aachen;1016.2;0
20.07.2022;Aachen;1016.5;0
21.07.2022;Aachen;1019.8;0
22.07.2022;Aachen;1019.9;0
23.07.2022;Aachen;1018.8;0
24.07.2022;Aachen;1018;0
25.07.2022;Aachen;1011.2;0
26.07.2022;Aachen;1016.7;0
27.07.2022;Aachen;1019.9;0
28.07.2022;Aachen;1017;0
29.07.2022;Aachen;1016.5;0
30.07.2022;Aachen;1019.1;0
31.07.2022;Aachen;1017.4;0
01.08.2022;Aachen;1018;0
02.08.2022;Aachen;1017.7;0
03.08.2022;Aachen;1015.4;0
04.08.2022;Aachen;1013.6;0
05.08.2022;Aachen;1018.1;0
06.08.2022;Aachen;1027;0
07.08.2022;Aachen;1024.8;0
08.08.2022;Aachen;1024.7;0
09.08.2022;Aachen;1026.1;0
10.08.2022;Aachen;1024.4;0
11.08.2022;Aachen;1021;0
12.08.2022;Aachen;1018;0
13.08.2022;Aachen;1015.5;0
14.08.2022;Aachen;1008.3;0
15.08.2022;Aachen;1005.4;0
16.08.2022;Aachen;1008.6;0
17.08.2022;Aachen;1011;0
18.08.2022;Aachen;1013.9;0
19.08.2022;Aachen;1014.8;0
20.08.2022;Aachen;1017.6;0
21.08.2022;Aachen;1017.3;0
22.08.2022;Aachen;1015.1;0
23.08.2022;Aachen;1015.6;0
24.08.2022;Aachen;1017.4;0
25.08.2022;Aachen;1015.4;0
26.08.2022;Aachen;1015.9;0
27.08.2022;Aachen;1017.2;0
28.08.2022;Aachen;1019.5;0
29.08.2022;Aachen;1021;0
30.08.2022;Aachen;1019.3;0
31.08.2022;Aachen;1019.7;0
01.09.2022;Aachen;1019.2;0
02.09.2022;Aachen;1014.4;0
03.09.2022;Aachen;1011.8;0
04.09.2022;Aachen;1017.5;0
05.09.2022;Aachen;1018.7;0
06.09.2022;Aachen;1015.2;0
07.09.2022;Aachen;1013;0
08.09.2022;Aachen;1009.6;0
09.09.2022;Aachen;1009;0
10.09.2022;Aachen;1013;0
11.09.2022;Aachen;1019.1;0
12.09.2022;Aachen;1015.3;0
13.09.2022;Aachen;1010.4;0
14.09.2022;Aachen;1006;0
15.09.2022;Aachen;1009.4;0
16.09.2022;Aachen;1012.9;0
17.09.2022;Aachen;1016;0
18.09.2022;Aachen;1017.1;0
19.09.2022;Aachen;1020.9;0
20.09.2022;Aachen;1024.4;0
21.09.2022;Aachen;1026.7;0
22.09.2022;Aachen;1023;0
23.09.2022;Aachen;1017;0
24.09.2022;Aachen;1013.5;0
25.09.2022;Aachen;1015;0
26.09.2022;Aachen;1004.3;0
27.09.2022;Aachen;999.7;0
28.09.2022;Aachen;998.7;0
29.09.2022;Aachen;1003;0
30.09.2022;Aachen;1010.1;0
01.10.2022;Aachen;1008.1;0
02.10.2022;Aachen;1019.1;0
03.10.2022;Aachen;1027;0
04.10.2022;Aachen;1021.8;0
05.10.2022;Aachen;1017.7;0
06.10.2022;Aachen;1028.4;0
07.10.2022;Aachen;1024.4;0
08.10.2022;Aachen;1021.7;0
09.10.2022;Aachen;1022.5;0
10.10.2022;Aachen;1016.9;0
11.10.2022;Aachen;1026.3;0
12.10.2022;Aachen;1023.8;0
13.10.2022;Aachen;1018.6;0
14.10.2022;Aachen;1012.8;0
15.10.2022;Aachen;1008.1;0
16.10.2022;Aachen;1014.5;0
17.10.2022;Aachen;1020.2;0
18.10.2022;Aachen;1027.5;0
19.10.2022;Aachen;1024.8;0
20.10.2022;Aachen;1013.1;0
21.10.2022;Aachen;1009;0
22.10.2022;Aachen;1013.2;0
23.10.2022;Aachen;1010.2;0
24.10.2022;Aachen;1008.4;0
25.10.2022;Aachen;1015.8;0
26.10.2022;Aachen;1016.4;0
27.10.2022;Aachen;1021.2;0
28.10.2022;Aachen;1019.4;0
29.10.2022;Aachen;1019.3;0
30.10.2022;Aachen;1018;0
31.10.2022;Aachen;1017.3;0
01.11.2022;Aachen;1014.9;0
02.11.2022;Aachen;1019.8;0
03.11.2022;Aachen;1008.2;0
04.11.2022;Aachen;1007.6;0
05.11.2022;Aachen;1018.1;0
06.11.2022;Aachen;1012;0
07.11.2022;Aachen;1011.5;0
08.11.2022;Aachen;1008.1;0
09.11.2022;Aachen;1010.5;0
10.11.2022;Aachen;1024.7;0
11.11.2022;Aachen;1031.1;0
12.11.2022;Aachen;1030.6;0
13.11.2022;Aachen;1022.5;0
14.11.2022;Aachen;1012.5;0
15.11.2022;Aachen;1006.1;0
16.11.2022;Aachen;999.4;0
17.11.2022;Aachen;990.6;0
18.11.2022;Aachen;1002;0
19.11.2022;Aachen;1010.4;0
20.11.2022;Aachen;1010.2;0
21.11.2022;Aachen;1001.6;0
22.11.2022;Aachen;994.7;0
23.11.2022;Aachen;999.3;0
24.11.2022;Aachen;1010.1;0
25.11.2022;Aachen;1016.7;0
26.11.2022;Aachen;1029.1;0
27.11.2022;Aachen;1020.7;0
28.11.2022;Aachen;1011.8;0
29.11.2022;Aachen;1019;0
30.11.2022;Aachen;1024.6;0
01.12.2022;Aachen;1026.8;0
02.12.2022;Aachen;1023.3;0
03.12.2022;Aachen;1019.9;0
04.12.2022;Aachen;1016.4;0
05.12.2022;Aachen;1019.5;0
06.12.2022;Aachen;1020.7;0
07.12.2022;Aachen;1017.6;0
08.12.2022;Aachen;1010.2;0
09.12.2022;Aachen;1007.2;0
10.12.2022;Aachen;1011.2;0
11.12.2022;Aachen;1011.8;0
12.12.2022;Aachen;1013.1;0
13.12.2022;Aachen;1009.8;0
14.12.2022;Aachen;1003.8;0
15.12.2022;Aachen;1009;0
16.12.2022;Aachen;1015.3;0
17.12.2022;Aachen;1026.2;0
18.12.2022;Aachen;1025.8;0
19.12.2022;Aachen;1018.4;0
20.12.2022;Aachen;1013.5;0
21.12.2022;Aachen;1011.1;0
22.12.2022;Aachen;1005.5;0
23.12.2022;Aachen;1005.2;0
24.12.2022;Aachen;1013.1;0
25.12.2022;Aachen;1012.7;0
26.12.2022;Aachen;1016;0
27.12.2022;Aachen;1025.1;0
28.12.2022;Aachen;1012.7;0
29.12.2022;Aachen;1006.4;0
30.12.2022;Aachen;1007.9;0
31.12.2022;Aachen;1008.9;0
01.01.2023;Aachen;1014.6;0
02.01.2023;Aachen;1017.5;0
03.01.2023;Aachen;1027.2;0
04.01.2023;Aachen;1019.2;0
05.01.2023;Aachen;1021;0
06.01.2023;Aachen;1019.3;0
07.01.2023;Aachen;1012.3;0
08.01.2023;Aachen;1001.7;0
09.01.2023;Aachen;1001;0
10.01.2023;Aachen;1016.3;0
11.01.2023;Aachen;1012.1;0
12.01.2023;Aachen;1009.6;0
13.01.2023;Aachen;1010.1;0
14.01.2023;Aachen;1007.8;0
15.01.2023;Aachen;1002.3;0
16.01.2023;Aachen;985.6;0
17.01.2023;Aachen;988.4;0
18.01.2023;Aachen;997.3;0
19.01.2023;Aachen;1006.9;0
20.01.2023;Aachen;1015.4;0
21.01.2023;Aachen;1029.7;0
22.01.2023;Aachen;1032.1;0
23.01.2023;Aachen;1035.5;0
24.01.2023;Aachen;1037.6;0
25.01.2023;Aachen;1033.6;0
26.01.2023;Aachen;1024.9;0
27.01.2023;Aachen;1025.6;0
28.01.2023;Aachen;1030.2;0
29.01.2023;Aachen;1028.5;0
30.01.2023;Aachen;1021.5;0
31.01.2023;Aachen;1024.7;0
01.02.2023;Aachen;1022.2;0
02.02.2023;Aachen;1025.6;0
03.02.2023;Aachen;1028.8;0
04.02.2023;Aachen;1036;0
05.02.2023;Aachen;1038.6;0
06.02.2023;Aachen;1041.3;0
07.02.2023;Aachen;1039.5;0
08.02.2023;Aachen;1036.9;0
09.02.2023;Aachen;1033.8;0
10.02.2023;Aachen;1037.8;0
11.02.2023;Aachen;1036.7;0
12.02.2023;Aachen;1038.7;0
13.02.2023;Aachen;1036.7;0
14.02.2023;Aachen;1033.7;0
15.02.2023;Aachen;1027.4;0
16.02.2023;Aachen;1024.2;0
17.02.2023;Aachen;1022.5;0
18.02.2023;Aachen;1022.1;0
19.02.2023;Aachen;1024.1;0
20.02.2023;Aachen;1025.4;0
21.02.2023;Aachen;1020.2;0
22.02.2023;Aachen;1013.1;0
23.02.2023;Aachen;1015;0
24.02.2023;Aachen;1010.7;0
25.02.2023;Aachen;1011.8;0
26.02.2023;Aachen;1022.8;0
27.02.2023;Aachen;1028.7;0
28.02.2023;Aachen;1029.9;0
01.03.2023;Aachen;1026.9;0
02.03.2023;Aachen;1022.5;0
03.03.2023;Aachen;1025.1;0
04.03.2023;Aachen;1025.6;0
05.03.2023;Aachen;1018.1;0
06.03.2023;Aachen;1007.1;0
07.03.2023;Aachen;999.9;0
08.03.2023;Aachen;994.6;0
09.03.2023;Aachen;994.8;0
10.03.2023;Aachen;992.1;0
11.03.2023;Aachen;1011.2;0
12.03.2023;Aachen;1010.1;0
13.03.2023;Aachen;999.3;0
14.03.2023;Aachen;999.4;0
15.03.2023;Aachen;1017.3;0
16.03.2023;Aachen;1014.7;0
17.03.2023;Aachen;1008.8;0
18.03.2023;Aachen;1011;0
19.03.2023;Aachen;1015.1;0
20.03.2023;Aachen;1020.2;0
21.03.2023;Aachen;1014.6;0
22.03.2023;Aachen;1008.8;0
23.03.2023;Aachen;1005;0
24.03.2023;Aachen;1003.4;0
25.03.2023;Aachen;1007;0
26.03.2023;Aachen;1014.4;0
27.03.2023;Aachen;1020.8;0
28.03.2023;Aachen;1025.7;0
29.03.2023;Aachen;1015.1;0
30.03.2023;Aachen;1008.8;0
31.03.2023;Aachen;998.8;0
01.04.2023;Aachen;999.2;0
02.04.2023;Aachen;1017.8;0
03.04.2023;Aachen;1029.3;0
04.04.2023;Aachen;1028;0
05.04.2023;Aachen;1022.9;0
06.04.2023;Aachen;1017;0
07.04.2023;Aachen;1017.6;0
08.04.2023;Aachen;1024.3;0
09.04.2023;Aachen;1024.2;0
10.04.2023;Aachen;1017.2;0
11.04.2023;Aachen;1013.4;0
12.04.2023;Aachen;1001.5;0
13.04.2023;Aachen;1003.6;0
14.04.2023;Aachen;1008.9;0
15.04.2023;Aachen;1012.1;0
16.04.2023;Aachen;1023.2;0
17.04.2023;Aachen;1025.4;0
18.04.2023;Aachen;1024.8;0
19.04.2023;Aachen;1024;0
20.04.2023;Aachen;1017.8;0
21.04.2023;Aachen;1012.1;0
22.04.2023;Aachen;1007.9;0
23.04.2023;Aachen;1006;0
24.04.2023;Aachen;1007.1;0
25.04.2023;Aachen;1014.9;0
26.04.2023;Aachen;1019.9;0
27.04.2023;Aachen;1019.1;0
28.04.2023;Aachen;1012.2;0
29.04.2023;Aachen;1018.8;0
30.04.2023;Aachen;1021.6;0
01.05.2023;Aachen;1016.3;0
02.05.2023;Aachen;1024.5;0
03.05.2023;Aachen;1026.8;0
04.05.2023;Aachen;1018.6;0
05.05.2023;Aachen;1017.1;0
06.05.2023;Aachen;1016.9;0
07.05.2023;Aachen;1017.1;0
08.05.2023;Aachen;1020.8;0
09.05.2023;Aachen;1013.9;0
10.05.2023;Aachen;1012;0
11.05.2023;Aachen;1015.5;0
12.05.2023;Aachen;1016.2;0
13.05.2023;Aachen;1019.6;0
14.05.2023;Aachen;1017.6;0
15.05.2023;Aachen;1015.4;0
16.05.2023;Aachen;1021.2;0
17.05.2023;Aachen;1026.5;0
18.05.2023;Aachen;1026.8;0
19.05.2023;Aachen;1024.4;0
20.05.2023;Aachen;1020.6;0
21.05.2023;Aachen;1016.1;0
22.05.2023;Aachen;1015.4;0
23.05.2023;Aachen;1021.2;0
24.05.2023;Aachen;1024.2;0
25.05.2023;Aachen;1026.4;0
26.05.2023;Aachen;1028.3;0
27.05.2023;Aachen;1025.1;0
28.05.2023;Aachen;1019.8;0
29.05.2023;Aachen;1022.7;0
30.05.2023;Aachen;1025.2;0
31.05.2023;Aachen;1023.3;0
01.06.2023;Aachen;1021.1;0
02.06.2023;Aachen;1020.6;0
03.06.2023;Aachen;1019.9;0
04.06.2023;Aachen;1020.6;0
05.06.2023;Aachen;1020.1;0
06.06.2023;Aachen;1019.2;0
07.06.2023;Aachen;1019;0
08.06.2023;Aachen;1015.9;0
09.06.2023;Aachen;1013.2;0
10.06.2023;Aachen;1013.7;0
11.06.2023;Aachen;1014.8;0
12.06.2023;Aachen;1014.5;0
13.06.2023;Aachen;1013;0
14.06.2023;Aachen;1015.2;0
15.06.2023;Aachen;1018.5;0
16.06.2023;Aachen;1018.1;0
17.06.2023;Aachen;1015.3;0
18.06.2023;Aachen;1011.9;0
19.06.2023;Aachen;1012.3;0
20.06.2023;Aachen;1011.3;0
21.06.2023;Aachen;1016.3;0
22.06.2023;Aachen;1016.1;0
23.06.2023;Aachen;1022.6;0
24.06.2023;Aachen;1024.3;0
25.06.2023;Aachen;1017.7;0
26.06.2023;Aachen;1017.6;0
27.06.2023;Aachen;1020.8;0
28.06.2023;Aachen;1018.8;0
29.06.2023;Aachen;1015.2;0
30.06.2023;Aachen;1014;0
01.07.2023;Aachen;1007.4;0
02.07.2023;Aachen;1011.1;0
03.07.2023;Aachen;1012.5;0
04.07.2023;Aachen;1012.9;0
05.07.2023;Aachen;1010.9;0
06.07.2023;Aachen;1018.3;0
07.07.2023;Aachen;1019;0
08.07.2023;Aachen;1016.6;0
09.07.2023;Aachen;1018.7;0
10.07.2023;Aachen;1021.2;0
11.07.2023;Aachen;1013.8;0
12.07.2023;Aachen;1012.4;0
13.07.2023;Aachen;1017.5;0
14.07.2023;Aachen;1014.5;0
15.07.2023;Aachen;1007;0
16.07.2023;Aachen;1013.7;0
17.07.2023;Aachen;1019.1;0
18.07.2023;Aachen;1019.7;0
19.07.2023;Aachen;1014.4;0
20.07.2023;Aachen;1015.1;0
21.07.2023;Aachen;1012.6;0
22.07.2023;Aachen;1014.3;0
23.07.2023;Aachen;1008.9;0
24.07.2023;Aachen;1005.3;0
25.07.2023;Aachen;1007.9;0
26.07.2023;Aachen;1013.5;0
27.07.2023;Aachen;1007.8;0
28.07.2023;Aachen;1008;0
29.07.2023;Aachen;1008.9;0
30.07.2023;Aachen;1012.8;0
31.07.2023;Aachen;1009.9;0
01.08.2023;Aachen;1002.3;0
02.08.2023;Aachen;996.5;0
03.08.2023;Aachen;1000.5;0
04.08.2023;Aachen;1014.1;0
05.08.2023;Aachen;1013.5;0
06.08.2023;Aachen;1008.4;0
07.08.2023;Aachen;1016.9;0
08.08.2023;Aachen;1016;0
09.08.2023;Aachen;1016.4;0
10.08.2023;Aachen;1021.4;0
11.08.2023;Aachen;1020.1;0
12.08.2023;Aachen;1017.3;0
13.08.2023;Aachen;1017.3;0
14.08.2023;Aachen;1014.8;0
15.08.2023;Aachen;1015.8;0
16.08.2023;Aachen;1019.7;0
17.08.2023;Aachen;1018.3;0
18.08.2023;Aachen;1015.3;0
19.08.2023;Aachen;1015.6;0
20.08.2023;Aachen;1022.3;0
21.08.2023;Aachen;1023.1;0
22.08.2023;Aachen;1021.2;0
23.08.2023;Aachen;1020.2;0
24.08.2023;Aachen;1014.3;0
25.08.2023;Aachen;1009.3;0
26.08.2023;Aachen;1011.5;0
27.08.2023;Aachen;1010.3;0
28.08.2023;Aachen;1012.6;0
29.08.2023;Aachen;1012.3;0
30.08.2023;Aachen;1008.3;0
31.08.2023;Aachen;1011.3;0
01.09.2023;Aachen;1013.1;0
02.09.2023;Aachen;1019.7;0
03.09.2023;Aachen;1026.6;0
04.09.2023;Aachen;1024.7;0
05.09.2023;Aachen;1018.9;0
06.09.2023;Aachen;1019.2;0
07.09.2023;Aachen;1018.4;0
08.09.2023;Aachen;1017.3;0
09.09.2023;Aachen;1017.2;0
10.09.2023;Aachen;1017.3;0
11.09.2023;Aachen;1013.9;0
12.09.2023;Aachen;1013;0
13.09.2023;Aachen;1017.1;0
14.09.2023;Aachen;1022.3;0
15.09.2023;Aachen;1017.9;0
16.09.2023;Aachen;1013.9;0
17.09.2023;Aachen;1012.3;0
18.09.2023;Aachen;1006.5;0
19.09.2023;Aachen;1011.4;0
20.09.2023;Aachen;1008.3;0
21.09.2023;Aachen;998.7;0
22.09.2023;Aachen;1002.1;0
23.09.2023;Aachen;1015.1;0
24.09.2023;Aachen;1024.7;0
25.09.2023;Aachen;1022.6;0
26.09.2023;Aachen;1021;0
27.09.2023;Aachen;1018.7;0
28.09.2023;Aachen;1017.1;0
29.09.2023;Aachen;1018.3;0
30.09.2023;Aachen;1026.8;0
01.10.2023;Aachen;1024.2;0
02.10.2023;Aachen;1019.7;0
03.10.2023;Aachen;1016.4;0
04.10.2023;Aachen;1027.4;0
05.10.2023;Aachen;1026.1;0
06.10.2023;Aachen;1025.4;0
07.10.2023;Aachen;1023.7;0
08.10.2023;Aachen;1025;0
09.10.2023;Aachen;1021.4;0
10.10.2023;Aachen;1019.8;0
11.10.2023;Aachen;1015.3;0
12.10.2023;Aachen;1014;0
13.10.2023;Aachen;1008.5;0
14.10.2023;Aachen;1012.4;0
15.10.2023;Aachen;1022.4;0
16.10.2023;Aachen;1022.9;0
17.10.2023;Aachen;1017.5;0
18.10.2023;Aachen;1005.2;0
19.10.2023;Aachen;992;0
20.10.2023;Aachen;981.2;0
21.10.2023;Aachen;991.9;0
22.10.2023;Aachen;1006.4;0
23.10.2023;Aachen;1010.5;0
24.10.2023;Aachen;1004;0
25.10.2023;Aachen;997.1;0
26.10.2023;Aachen;995.8;0
27.10.2023;Aachen;993.3;0
28.10.2023;Aachen;996.9;0
29.10.2023;Aachen;995.2;0
30.10.2023;Aachen;998.9;0
31.10.2023;Aachen;1003;0
01.11.2023;Aachen;1001.4;0
02.11.2023;Aachen;982.1;0
03.11.2023;Aachen;986.2;0
04.11.2023;Aachen;981;0
05.11.2023;Aachen;980.1;0
06.11.2023;Aachen;1001.8;0
07.11.2023;Aachen;1010.6;0
08.11.2023;Aachen;1012.1;0
09.11.2023;Aachen;1002.3;0
10.11.2023;Aachen;998;0
11.11.2023;Aachen;1005.9;0
12.11.2023;Aachen;1007.2;0
13.11.2023;Aachen;1004.1;0
14.11.2023;Aachen;1005.6;0
15.11.2023;Aachen;1015.3;0
16.11.2023;Aachen;1013.7;0
17.11.2023;Aachen;1020.2;0
18.11.2023;Aachen;1019.9;0
19.11.2023;Aachen;1010.9;0
20.11.2023;Aachen;1010.1;0
21.11.2023;Aachen;1016.8;0
22.11.2023;Aachen;1029;0
23.11.2023;Aachen;1023;0
24.11.2023;Aachen;1013.4;0
25.11.2023;Aachen;1014.2;0
26.11.2023;Aachen;1016.2;0
27.11.2023;Aachen;1000.6;0
28.11.2023;Aachen;1004.5;0
29.11.2023;Aachen;1004.9;0
30.11.2023;Aachen;1002.1;0
01.12.2023;Aachen;1006.2;0
02.12.2023;Aachen;1014.3;0
03.12.2023;Aachen;1020.1;0
04.12.2023;Aachen;1006.5;0
05.12.2023;Aachen;1002.5;0
06.12.2023;Aachen;1015.9;0
07.12.2023;Aachen;1017.6;0
08.12.2023;Aachen;1008.8;0
09.12.2023;Aachen;1004.4;0
10.12.2023;Aachen;1004.9;0
11.12.2023;Aachen;1004.4;0
12.12.2023;Aachen;1004.3;0
13.12.2023;Aachen;999.1;0
14.12.2023;Aachen;1018.1;0
15.12.2023;Aachen;1034.6;0
16.12.2023;Aachen;1040.7;0
17.12.2023;Aachen;1037.9;0
18.12.2023;Aachen;1032.9;0
19.12.2023;Aachen;1021.9;0
20.12.2023;Aachen;1016.6;0
21.12.2023;Aachen;1004;0
22.12.2023;Aachen;1006.3;0
23.12.2023;Aachen;1011.7;0
24.12.2023;Aachen;1008.8;0
25.12.2023;Aachen;1009.4;0
26.12.2023;Aachen;1015.2;0
27.12.2023;Aachen;1016.3;0
28.12.2023;Aachen;1013.3;0
29.12.2023;Aachen;1010.7;0
30.12.2023;Aachen;1012.6;0
31.12.2023;Aachen;1000.5;0
01.01.2024;Aachen;1005.3;0
02.01.2024;Aachen;994.1;0
03.01.2024;Aachen;993.3;0
04.01.2024;Aachen;1002.9;0
05.01.2024;Aachen;1000;0
06.01.2024;Aachen;1009.9;0
07.01.2024;Aachen;1021.7;0
08.01.2024;Aachen;1029.5;0
09.01.2024;Aachen;1030.5;0
10.01.2024;Aachen;1029;0
11.01.2024;Aachen;1033;0
12.01.2024;Aachen;1033.5;0
13.01.2024;Aachen;1025;0
14.01.2024;Aachen;1012.6;0
15.01.2024;Aachen;1006;0
16.01.2024;Aachen;1009.8;0
17.01.2024;Aachen;993.4;0
18.01.2024;Aachen;1001.2;0
19.01.2024;Aachen;1021.2;0
20.01.2024;Aachen;1029.2;0
21.01.2024;Aachen;1022;0
22.01.2024;Aachen;1012.7;0
23.01.2024;Aachen;1023.8;0
24.01.2024;Aachen;1023.1;0
25.01.2024;Aachen;1028.7;0
26.01.2024;Aachen;1027.1;0
27.01.2024;Aachen;1036.1;0
28.01.2024;Aachen;1029.1;0
29.01.2024;Aachen;1027.5;0
01.01.2020;Berlin;1032.2;0
02.01.2020;Berlin;1026.1;0
03.01.2020;Berlin;1016.9;4.9
04.01.2020;Berlin;1019.4;4
05.01.2020;Berlin;1031.6;0
06.01.2020;Berlin;1026.3;0
07.01.2020;Berlin;1023.6;0.2
08.01.2020;Berlin;1022.1;1.7
09.01.2020;Berlin;1016;4.8
10.01.2020;Berlin;1013.6;3.1
11.01.2020;Berlin;1028;0
12.01.2020;Berlin;1020.7;0
13.01.2020;Berlin;1018.6;0.2
14.01.2020;Berlin;1010.7;0
15.01.2020;Berlin;1013.8;0
16.01.2020;Berlin;1026.1;0
17.01.2020;Berlin;1019.5;0
18.01.2020;Berlin;1021.3;0.1
19.01.2020;Berlin;1032.9;0
20.01.2020;Berlin;1044.4;0
21.01.2020;Berlin;1038.7;0
22.01.2020;Berlin;1031.5;0.1
23.01.2020;Berlin;1031.6;0
24.01.2020;Berlin;1022.4;0
25.01.2020;Berlin;1021.1;0
26.01.2020;Berlin;1018.4;0
27.01.2020;Berlin;1009.4;2
28.01.2020;Berlin;993.5;10.1
29.01.2020;Berlin;1000.2;1.5
30.01.2020;Berlin;1005.5;3.1
31.01.2020;Berlin;1002.2;0.4
01.02.2020;Berlin;1001.4;7.7
02.02.2020;Berlin;1004.3;5.6
03.02.2020;Berlin;1005.9;3.5
04.02.2020;Berlin;1005.2;1.8
05.02.2020;Berlin;1027.4;0.3
06.02.2020;Berlin;1027.3;0
07.02.2020;Berlin;1028.6;0
08.02.2020;Berlin;1023;0
09.02.2020;Berlin;1008.8;5.3
10.02.2020;Berlin;989.4;7.1
11.02.2020;Berlin;994.8;0.5
12.02.2020;Berlin;1005.9;0
13.02.2020;Berlin;1009.1;0.9
14.02.2020;Berlin;1014.8;0.4
15.02.2020;Berlin;1020.2;0
16.02.2020;Berlin;1006.8;1.5
17.02.2020;Berlin;1010.6;0.2
18.02.2020;Berlin;1016.1;1.2
19.02.2020;Berlin;1012.9;6.1
20.02.2020;Berlin;1015.8;3.8
21.02.2020;Berlin;1017.8;1.3
22.02.2020;Berlin;1014.9;1
23.02.2020;Berlin;1007.9;15.8
24.02.2020;Berlin;1012.5;6.7
25.02.2020;Berlin;995.7;2
26.02.2020;Berlin;993.7;3.4
27.02.2020;Berlin;1000.4;0.4
28.02.2020;Berlin;1010;1.8
29.02.2020;Berlin;997.7;2.5
01.03.2020;Berlin;995.8;2.4
02.03.2020;Berlin;993.2;1
03.03.2020;Berlin;998;0.7
04.03.2020;Berlin;1008.7;0.2
05.03.2020;Berlin;1002.5;1.9
06.03.2020;Berlin;992.7;5.7
07.03.2020;Berlin;1010.3;0.4
08.03.2020;Berlin;1015;0
09.03.2020;Berlin;1010.3;2.5
10.03.2020;Berlin;1005.1;9.6
11.03.2020;Berlin;1006.6;2.5
12.03.2020;Berlin;1004.9;2.7
13.03.2020;Berlin;1010.2;0.6
14.03.2020;Berlin;1023.5;0
15.03.2020;Berlin;1019.9;0
16.03.2020;Berlin;1018.6;0
17.03.2020;Berlin;1026.3;0
18.03.2020;Berlin;1024.9;0
19.03.2020;Berlin;1024.2;0
20.03.2020;Berlin;1025.3;0.2
21.03.2020;Berlin;1030.3;0
22.03.2020;Berlin;1036.1;0
23.03.2020;Berlin;1039;0
24.03.2020;Berlin;1036.7;0
25.03.2020;Berlin;1032.2;0
26.03.2020;Berlin;1027.4;0
27.03.2020;Berlin;1022.6;0
28.03.2020;Berlin;1018.5;0
29.03.2020;Berlin;1022.2;0.4
30.03.2020;Berlin;1026.5;0.8
31.03.2020;Berlin;1028.8;0
01.04.2020;Berlin;1019.6;0
02.04.2020;Berlin;1010;0
03.04.2020;Berlin;1011.6;0
04.04.2020;Berlin;1024.7;0
05.04.2020;Berlin;1028.6;0
06.04.2020;Berlin;1023.4;0
07.04.2020;Berlin;1028.9;0
08.04.2020;Berlin;1026.5;0
09.04.2020;Berlin;1022.5;0
10.04.2020;Berlin;1025.4;0
11.04.2020;Berlin;1025.5;0
12.04.2020;Berlin;1014.7;1.6
13.04.2020;Berlin;1013.3;0.6
14.04.2020;Berlin;1020.5;0
15.04.2020;Berlin;1020.6;0
16.04.2020;Berlin;1016;0
17.04.2020;Berlin;1017;0
18.04.2020;Berlin;1017.6;0
19.04.2020;Berlin;1021.8;0
20.04.2020;Berlin;1025.5;0
21.04.2020;Berlin;1025.4;0
22.04.2020;Berlin;1025.2;0
23.04.2020;Berlin;1021.4;0
24.04.2020;Berlin;1008;0
25.04.2020;Berlin;1009.1;0
26.04.2020;Berlin;1010.3;0
27.04.2020;Berlin;1007.3;0
28.04.2020;Berlin;1003.1;1.5
29.04.2020;Berlin;1004;7.9
30.04.2020;Berlin;1003.4;2.7
01.05.2020;Berlin;1001;0.5
02.05.2020;Berlin;1004.7;2.8
03.05.2020;Berlin;1014.8;0
04.05.2020;Berlin;1016.4;0.8
05.05.2020;Berlin;1018.1;1.9
06.05.2020;Berlin;1020.8;0
07.05.2020;Berlin;1021.2;0
08.05.2020;Berlin;1017.3;0
09.05.2020;Berlin;1014.2;0
10.05.2020;Berlin;1005.4;2.4
11.05.2020;Berlin;1006.7;7.6
12.05.2020;Berlin;1014.7;0.1
13.05.2020;Berlin;1012;0
14.05.2020;Berlin;1016.2;0
15.05.2020;Berlin;1018.1;0
16.05.2020;Berlin;1019.8;0.1
17.05.2020;Berlin;1019.9;0
18.05.2020;Berlin;1019.7;0
19.05.2020;Berlin;1018.9;0
20.05.2020;Berlin;1021.2;0
21.05.2020;Berlin;1023.1;0
22.05.2020;Berlin;1020.4;1.7
23.05.2020;Berlin;1018.7;1.5
24.05.2020;Berlin;1022.8;8.2
25.05.2020;Berlin;1026.9;1.3
26.05.2020;Berlin;1033;0
27.05.2020;Berlin;1031;0.4
28.05.2020;Berlin;1028.7;0.2
29.05.2020;Berlin;1027.8;0
30.05.2020;Berlin;1023.8;0
31.05.2020;Berlin;1021;0
01.06.2020;Berlin;1022.5;0
02.06.2020;Berlin;1016.1;0
03.06.2020;Berlin;1005.3;0
04.06.2020;Berlin;994.8;5.7
05.06.2020;Berlin;994.1;1.6
06.06.2020;Berlin;1001;0.3
07.06.2020;Berlin;1006.8;0
08.06.2020;Berlin;1012.5;0
09.06.2020;Berlin;1015.3;0
10.06.2020;Berlin;1013.4;2.7
11.06.2020;Berlin;1010.1;2.2
12.06.2020;Berlin;1010.4;0
13.06.2020;Berlin;1010.1;16.6
14.06.2020;Berlin;1011.3;0
15.06.2020;Berlin;1013.6;0
16.06.2020;Berlin;1013.3;0
17.06.2020;Berlin;1010.4;0
18.06.2020;Berlin;1008.8;0.1
19.06.2020;Berlin;1011.4;1.8
20.06.2020;Berlin;1015.6;4
21.06.2020;Berlin;1017.5;0.7
22.06.2020;Berlin;1020.3;0
23.06.2020;Berlin;1023.9;0
24.06.2020;Berlin;1023.8;0
25.06.2020;Berlin;1020.5;0
26.06.2020;Berlin;1014.9;4
27.06.2020;Berlin;1009.2;0
28.06.2020;Berlin;1011.3;5.4
29.06.2020;Berlin;1010.6;1.1
30.06.2020;Berlin;1007.6;0
01.07.2020;Berlin;1006.4;3.2
02.07.2020;Berlin;1008.8;0.3
03.07.2020;Berlin;1014;0.3
04.07.2020;Berlin;1013.6;0.2
05.07.2020;Berlin;1009;1.4
06.07.2020;Berlin;1010.2;0.4
07.07.2020;Berlin;1016.6;0.2
08.07.2020;Berlin;1014.8;0.4
09.07.2020;Berlin;1012.8;8.1
10.07.2020;Berlin;1009.4;6.4
11.07.2020;Berlin;1021.1;0
12.07.2020;Berlin;1025.6;0
13.07.2020;Berlin;1022.6;0
14.07.2020;Berlin;1013.6;0
15.07.2020;Berlin;1011.7;5.6
16.07.2020;Berlin;1014.6;1.3
17.07.2020;Berlin;1017.8;0.8
18.07.2020;Berlin;1018.6;0
19.07.2020;Berlin;1014.9;0.1
20.07.2020;Berlin;1015.1;5.9
21.07.2020;Berlin;1020.5;0
22.07.2020;Berlin;1020.8;0.7
23.07.2020;Berlin;1016.1;0.1
24.07.2020;Berlin;1009.7;0
25.07.2020;Berlin;1011.4;0
26.07.2020;Berlin;1010.4;7.5
27.07.2020;Berlin;1015;0.2
28.07.2020;Berlin;1008.7;0
29.07.2020;Berlin;1016.4;0
30.07.2020;Berlin;1019.6;0
31.07.2020;Berlin;1018;0
01.08.2020;Berlin;1015.2;0
02.08.2020;Berlin;1011.7;2.1
03.08.2020;Berlin;1010.9;0
04.08.2020;Berlin;1013.3;0
05.08.2020;Berlin;1017.9;0
06.08.2020;Berlin;1020.9;0
07.08.2020;Berlin;1020.9;0
08.08.2020;Berlin;1018.8;0
09.08.2020;Berlin;1016.8;0.8
10.08.2020;Berlin;1017.1;3.2
11.08.2020;Berlin;1018.7;0
12.08.2020;Berlin;1018.2;0
13.08.2020;Berlin;1013.8;0.7
14.08.2020;Berlin;1012.2;0.2
15.08.2020;Berlin;1013.4;0
16.08.2020;Berlin;1013.4;0
17.08.2020;Berlin;1009.1;0
18.08.2020;Berlin;1008.6;7.1
19.08.2020;Berlin;1009.7;0.4
20.08.2020;Berlin;1009.9;0
21.08.2020;Berlin;1009.9;0.4
22.08.2020;Berlin;1012.3;6.2
23.08.2020;Berlin;1012.9;0
24.08.2020;Berlin;1013.1;0.6
25.08.2020;Berlin;1011;0.6
26.08.2020;Berlin;1003.2;8.5
27.08.2020;Berlin;1011.4;0.4
28.08.2020;Berlin;1004.3;0
29.08.2020;Berlin;1003.7;0
30.08.2020;Berlin;1007.2;14.9
31.08.2020;Berlin;1013.9;3.2
01.09.2020;Berlin;1017.1;0
02.09.2020;Berlin;1016;7
03.09.2020;Berlin;1017.8;5.2
04.09.2020;Berlin;1018.3;3
05.09.2020;Berlin;1015.6;1.9
06.09.2020;Berlin;1017.5;0
07.09.2020;Berlin;1022;0.1
08.09.2020;Berlin;1023.1;0
09.09.2020;Berlin;1018.9;0.5
10.09.2020;Berlin;1019.8;0.1
11.09.2020;Berlin;1017.4;0
12.09.2020;Berlin;1017.5;0
13.09.2020;Berlin;1024.4;0
14.09.2020;Berlin;1025.9;0
15.09.2020;Berlin;1020.4;0
16.09.2020;Berlin;1016.4;0
17.09.2020;Berlin;1026.6;0
18.09.2020;Berlin;1028.6;0
19.09.2020;Berlin;1022.9;0
20.09.2020;Berlin;1019.2;0
21.09.2020;Berlin;1016.8;0
22.09.2020;Berlin;1010.1;0
23.09.2020;Berlin;1004.4;0
24.09.2020;Berlin;1003.2;3.7
25.09.2020;Berlin;997;7.6
26.09.2020;Berlin;994;23.4
27.09.2020;Berlin;1003.5;1.1
28.09.2020;Berlin;1010.9;0.3
29.09.2020;Berlin;1015.4;0
30.09.2020;Berlin;1015.1;0
01.10.2020;Berlin;1006.7;0
02.10.2020;Berlin;1000.8;0
03.10.2020;Berlin;993.7;0
04.10.2020;Berlin;998.1;0
05.10.2020;Berlin;1003.2;0.5
06.10.2020;Berlin;1002.2;0.5
07.10.2020;Berlin;1007.1;2.2
08.10.2020;Berlin;1014.7;5.5
09.10.2020;Berlin;1016;3.4
10.10.2020;Berlin;1016.4;0.2
11.10.2020;Berlin;1017.2;0
12.10.2020;Berlin;1016.5;0
13.10.2020;Berlin;1014.4;1.6
14.10.2020;Berlin;1008.3;13.1
15.10.2020;Berlin;1014.6;1.8
16.10.2020;Berlin;1018.8;0.9
17.10.2020;Berlin;1017.7;0.2
18.10.2020;Berlin;1016.7;0.7
19.10.2020;Berlin;1021.1;0
20.10.2020;Berlin;1015.5;2.6
21.10.2020;Berlin;1008.8;1.1
22.10.2020;Berlin;1010.8;0
23.10.2020;Berlin;1010.7;8.8
24.10.2020;Berlin;1012;0.1
25.10.2020;Berlin;1007.5;0
26.10.2020;Berlin;1003.3;0.9
27.10.2020;Berlin;1007.8;0.1
28.10.2020;Berlin;1008.9;2
29.10.2020;Berlin;1011.7;2.2
30.10.2020;Berlin;1015.2;14.5
31.10.2020;Berlin;1019.8;2.9
01.11.2020;Berlin;1013.4;4.1
02.11.2020;Berlin;1009.4;7.2
03.11.2020;Berlin;1020;0
04.11.2020;Berlin;1028.8;0
05.11.2020;Berlin;1035.1;0
06.11.2020;Berlin;1033.1;0
07.11.2020;Berlin;1027.5;0
08.11.2020;Berlin;1025;0
09.11.2020;Berlin;1027.2;0
10.11.2020;Berlin;1028.7;0
11.11.2020;Berlin;1026.1;0
12.11.2020;Berlin;1020.1;0
13.11.2020;Berlin;1018.6;0.2
14.11.2020;Berlin;1017.3;0.1
15.11.2020;Berlin;1012.3;0.5
16.11.2020;Berlin;1012.1;0.5
17.11.2020;Berlin;1022.2;0.9
18.11.2020;Berlin;1022.6;0
19.11.2020;Berlin;1015.5;0.7
20.11.2020;Berlin;1029.4;0
21.11.2020;Berlin;1029.4;0
22.11.2020;Berlin;1021.8;0.6
23.11.2020;Berlin;1024.3;0
24.11.2020;Berlin;1024.7;0
25.11.2020;Berlin;1019.6;0
26.11.2020;Berlin;1019.6;0.8
27.11.2020;Berlin;1021.5;0.1
28.11.2020;Berlin;1024.6;0
29.11.2020;Berlin;1025.8;0
30.11.2020;Berlin;1022.7;0
01.12.2020;Berlin;1016.9;0
02.12.2020;Berlin;1019.1;0
03.12.2020;Berlin;1006.3;0
04.12.2020;Berlin;995.6;0
05.12.2020;Berlin;999.8;0
06.12.2020;Berlin;1000.8;0
07.12.2020;Berlin;1001.4;0
08.12.2020;Berlin;1006.8;0.4
09.12.2020;Berlin;1010.3;0.4
10.12.2020;Berlin;1009.2;0
11.12.2020;Berlin;1003.4;0
12.12.2020;Berlin;1001.5;0
13.12.2020;Berlin;1010.3;0
14.12.2020;Berlin;1013.1;0
15.12.2020;Berlin;1012.4;0.2
16.12.2020;Berlin;1019.3;0.1
17.12.2020;Berlin;1020;1
18.12.2020;Berlin;1023.5;0
19.12.2020;Berlin;1020.2;0
20.12.2020;Berlin;1020.5;0.8
21.12.2020;Berlin;1020.3;3.9
22.12.2020;Berlin;1009.6;5.6
23.12.2020;Berlin;1011.2;4.2
24.12.2020;Berlin;1004.4;2
25.12.2020;Berlin;1016.9;0.1
26.12.2020;Berlin;1018.7;0.1
27.12.2020;Berlin;998.4;0
28.12.2020;Berlin;983.8;1.4
29.12.2020;Berlin;987.8;0.6
30.12.2020;Berlin;1000.8;0
31.12.2020;Berlin;1005.2;0
01.01.2021;Berlin;1007.1;0.7
02.01.2021;Berlin;1014.2;0
03.01.2021;Berlin;1015.3;7.6
04.01.2021;Berlin;1016.7;0.8
05.01.2021;Berlin;1016.2;1.3
06.01.2021;Berlin;1010.2;1.6
07.01.2021;Berlin;1009.5;0.2
08.01.2021;Berlin;1011.8;0.2
09.01.2021;Berlin;1019.3;0.1
10.01.2021;Berlin;1023.4;0.1
11.01.2021;Berlin;1016.7;1.5
12.01.2021;Berlin;1003.3;3.4
13.01.2021;Berlin;1005;2.9
14.01.2021;Berlin;1013.2;0.4
15.01.2021;Berlin;1022.8;0.2
16.01.2021;Berlin;1022.5;0.1
17.01.2021;Berlin;1019.9;0
18.01.2021;Berlin;1018.5;4.2
19.01.2021;Berlin;1008.5;7.8
20.01.2021;Berlin;1002.8;0.2
21.01.2021;Berlin;996.7;0.5
22.01.2021;Berlin;992.7;0.4
23.01.2021;Berlin;996.5;4.9
24.01.2021;Berlin;996.3;2
25.01.2021;Berlin;1002.5;0.3
26.01.2021;Berlin;1010.8;0.1
27.01.2021;Berlin;1012.3;0.5
28.01.2021;Berlin;1004;1.1
29.01.2021;Berlin;998.9;2
30.01.2021;Berlin;1001.5;0.8
31.01.2021;Berlin;1005.4;0
01.02.2021;Berlin;999.9;0
02.02.2021;Berlin;1001.7;1.7
03.02.2021;Berlin;998.4;11.6
04.02.2021;Berlin;1010.9;1
05.02.2021;Berlin;1018.6;1.1
06.02.2021;Berlin;1018.8;0
07.02.2021;Berlin;1011.9;0.9
08.02.2021;Berlin;1005;3.1
09.02.2021;Berlin;1006.4;0.2
10.02.2021;Berlin;1011.5;0.2
11.02.2021;Berlin;1025.7;0.1
12.02.2021;Berlin;1034.9;0
13.02.2021;Berlin;1040;0
14.02.2021;Berlin;1041.3;0
15.02.2021;Berlin;1032.3;2.9
16.02.2021;Berlin;1017.9;1.6
17.02.2021;Berlin;1013.8;1.2
18.02.2021;Berlin;1016.8;2.6
19.02.2021;Berlin;1016.1;1
20.02.2021;Berlin;1019.4;0
21.02.2021;Berlin;1018.7;0
22.02.2021;Berlin;1022.2;0
23.02.2021;Berlin;1030.3;0
24.02.2021;Berlin;1030.8;0
25.02.2021;Berlin;1026.4;0.9
26.02.2021;Berlin;1028.3;1.3
27.02.2021;Berlin;1035.7;0
28.02.2021;Berlin;1036.3;0
01.03.2021;Berlin;1035.6;0
02.03.2021;Berlin;1033.9;0
03.03.2021;Berlin;1026.3;0
04.03.2021;Berlin;1017.9;0.2
05.03.2021;Berlin;1024.9;0
06.03.2021;Berlin;1030;0
07.03.2021;Berlin;1021.5;0.4
08.03.2021;Berlin;1021.7;0.1
09.03.2021;Berlin;1020.3;0
10.03.2021;Berlin;1018.5;0.7
11.03.2021;Berlin;1000.7;7.1
12.03.2021;Berlin;1001.8;1.1
13.03.2021;Berlin;996.3;6.4
14.03.2021;Berlin;1001.2;3.9
15.03.2021;Berlin;1006;3.9
16.03.2021;Berlin;1015;0.4
17.03.2021;Berlin;1021.4;1.4
18.03.2021;Berlin;1020.8;1.9
19.03.2021;Berlin;1022.2;0.6
20.03.2021;Berlin;1025.6;0.1
21.03.2021;Berlin;1013.4;1.4
22.03.2021;Berlin;1018.9;0.1
23.03.2021;Berlin;1022.7;0.1
24.03.2021;Berlin;1022.3;0
25.03.2021;Berlin;1019.2;0.2
26.03.2021;Berlin;1018.1;0.3
27.03.2021;Berlin;1016.6;3.2
28.03.2021;Berlin;1025.9;0
29.03.2021;Berlin;1026.6;0
30.03.2021;Berlin;1029;0
31.03.2021;Berlin;1022.9;0
01.04.2021;Berlin;1016.8;0.1
02.04.2021;Berlin;1019.3;0
03.04.2021;Berlin;1020.8;0
04.04.2021;Berlin;1019.5;0
05.04.2021;Berlin;1001.4;3.5
06.04.2021;Berlin;1003.8;1.4
07.04.2021;Berlin;1008;1.8
08.04.2021;Berlin;1017.9;0
09.04.2021;Berlin;1014.6;0.7
10.04.2021;Berlin;1014.6;3.9
11.04.2021;Berlin;1010.3;3.6
12.04.2021;Berlin;1021.5;0.5
13.04.2021;Berlin;1027.2;0.2
14.04.2021;Berlin;1027;0
15.04.2021;Berlin;1027;0.3
16.04.2021;Berlin;1024;0.2
17.04.2021;Berlin;1021.1;1
18.04.2021;Berlin;1020;4.8
19.04.2021;Berlin;1019.2;0.1
20.04.2021;Berlin;1015.3;0
21.04.2021;Berlin;1013.5;0
22.04.2021;Berlin;1018.2;0.2
23.04.2021;Berlin;1023.7;0
24.04.2021;Berlin;1024.3;0
25.04.2021;Berlin;1023.6;0
26.04.2021;Berlin;1021.1;0
27.04.2021;Berlin;1015.6;0
28.04.2021;Berlin;1008.5;0.1
29.04.2021;Berlin;1002.4;4.6
30.04.2021;Berlin;1010.5;0
01.05.2021;Berlin;1013.1;0
02.05.2021;Berlin;1011.3;7.7
03.05.2021;Berlin;1016.3;1.2
04.05.2021;Berlin;1002.3;1.6
05.05.2021;Berlin;998.9;2
06.05.2021;Berlin;1005.2;0.6
07.05.2021;Berlin;1008.7;9.7
08.05.2021;Berlin;1016.9;0
09.05.2021;Berlin;1009.9;0
10.05.2021;Berlin;1006.8;0
11.05.2021;Berlin;1004.9;0.8
12.05.2021;Berlin;1006.8;4
13.05.2021;Berlin;1004.3;9.5
14.05.2021;Berlin;1004.9;2
15.05.2021;Berlin;1005.6;1.1
16.05.2021;Berlin;1002.2;1.5
17.05.2021;Berlin;1002.6;1
18.05.2021;Berlin;1009;0.5
19.05.2021;Berlin;1013.5;0
20.05.2021;Berlin;1016.6;0
21.05.2021;Berlin;1006.5;0.6
22.05.2021;Berlin;1004.1;1
23.05.2021;Berlin;1011.6;1.4
24.05.2021;Berlin;1013.7;0.3
25.05.2021;Berlin;1010.7;3
26.05.2021;Berlin;1010.6;1.5
27.05.2021;Berlin;1012;3.9
28.05.2021;Berlin;1019.7;1.6
29.05.2021;Berlin;1023.1;0
30.05.2021;Berlin;1026;0
31.05.2021;Berlin;1023.4;0
01.06.2021;Berlin;1018.4;0
02.06.2021;Berlin;1019.4;0.1
03.06.2021;Berlin;1022.7;0.2
04.06.2021;Berlin;1021.3;0.6
05.06.2021;Berlin;1018.8;0
06.06.2021;Berlin;1018.9;0
07.06.2021;Berlin;1019.9;0
08.06.2021;Berlin;1020.6;0
09.06.2021;Berlin;1020.6;0
10.06.2021;Berlin;1018.4;0
11.06.2021;Berlin;1016.6;0
12.06.2021;Berlin;1014.5;1.6
13.06.2021;Berlin;1022.4;0
14.06.2021;Berlin;1021.2;0
15.06.2021;Berlin;1018;0
16.06.2021;Berlin;1017.8;0
17.06.2021;Berlin;1015;0
18.06.2021;Berlin;1013.8;0
19.06.2021;Berlin;1012.3;2.9
20.06.2021;Berlin;1008.5;0.2
21.06.2021;Berlin;1005.5;0
22.06.2021;Berlin;1012.4;0.1
23.06.2021;Berlin;1018.8;0.3
24.06.2021;Berlin;1018.1;1.6
25.06.2021;Berlin;1016.6;0
26.06.2021;Berlin;1018.1;0
27.06.2021;Berlin;1017.2;0
28.06.2021;Berlin;1015;0
29.06.2021;Berlin;1010.3;8.6
30.06.2021;Berlin;1007.2;44.1
01.07.2021;Berlin;1009.3;19.5
02.07.2021;Berlin;1013.8;0
03.07.2021;Berlin;1014.6;0
04.07.2021;Berlin;1010.9;0
05.07.2021;Berlin;1009.1;2.8
06.07.2021;Berlin;1009.6;3.2
07.07.2021;Berlin;1016.5;9.3
08.07.2021;Berlin;1020.3;4.2
09.07.2021;Berlin;1015.1;9.8
10.07.2021;Berlin;1015.8;3.7
11.07.2021;Berlin;1016;0.2
12.07.2021;Berlin;1012.8;0.1
13.07.2021;Berlin;1008.7;2.3
14.07.2021;Berlin;1008.1;0.6
15.07.2021;Berlin;1011.7;2.7
16.07.2021;Berlin;1015.6;4.4
17.07.2021;Berlin;1017.7;0.2
18.07.2021;Berlin;1018.1;0
19.07.2021;Berlin;1018.3;0
20.07.2021;Berlin;1018.5;0
21.07.2021;Berlin;1021.2;0
22.07.2021;Berlin;1020.6;0
23.07.2021;Berlin;1016.6;0
24.07.2021;Berlin;1012.4;0
25.07.2021;Berlin;1009.4;15.3
26.07.2021;Berlin;1010.1;0.1
27.07.2021;Berlin;1011.3;0
28.07.2021;Berlin;1010.5;0
29.07.2021;Berlin;1009.9;0
30.07.2021;Berlin;1008.4;0
31.07.2021;Berlin;1005.6;0
01.08.2021;Berlin;1007.2;3.5
02.08.2021;Berlin;1010.2;0
03.08.2021;Berlin;1013.2;0.2
04.08.2021;Berlin;1012.9;0.8
05.08.2021;Berlin;1009.9;0.7
06.08.2021;Berlin;1005.7;6.1
07.08.2021;Berlin;1004.9;3.2
08.08.2021;Berlin;1008.3;1
09.08.2021;Berlin;1016.7;1.7
10.08.2021;Berlin;1016.3;2.3
11.08.2021;Berlin;1018.4;0.4
12.08.2021;Berlin;1020.6;0
13.08.2021;Berlin;1019;0
14.08.2021;Berlin;1018.6;0
15.08.2021;Berlin;1013.5;0
16.08.2021;Berlin;1006.9;3.6
17.08.2021;Berlin;1010;1.1
18.08.2021;Berlin;1011.1;0
19.08.2021;Berlin;1011;0.4
20.08.2021;Berlin;1014.9;1
21.08.2021;Berlin;1018.5;0
22.08.2021;Berlin;1015.8;11.8
23.08.2021;Berlin;1019;4.8
24.08.2021;Berlin;1025.6;0
25.08.2021;Berlin;1018.4;3.4
26.08.2021;Berlin;1007.9;7.7
27.08.2021;Berlin;1010.1;4.9
28.08.2021;Berlin;1014.4;1.1
29.08.2021;Berlin;1013.6;13.4
30.08.2021;Berlin;1014.5;7.1
31.08.2021;Berlin;1018.6;0.1
01.09.2021;Berlin;1023.7;0
02.09.2021;Berlin;1025.5;0
03.09.2021;Berlin;1020;0
04.09.2021;Berlin;1018.2;0
05.09.2021;Berlin;1022.2;0
06.09.2021;Berlin;1023.4;0
07.09.2021;Berlin;1023.3;0
08.09.2021;Berlin;1020.4;0
09.09.2021;Berlin;1013.6;0
10.09.2021;Berlin;1012.9;6.1
11.09.2021;Berlin;1014.8;1.1
12.09.2021;Berlin;1015.8;0
13.09.2021;Berlin;1017.5;0
14.09.2021;Berlin;1018;0
15.09.2021;Berlin;1012.4;7.3
16.09.2021;Berlin;1011.6;0.6
17.09.2021;Berlin;1012.3;0.2
18.09.2021;Berlin;1015.2;0.3
19.09.2021;Berlin;1017.9;0
20.09.2021;Berlin;1021;0
21.09.2021;Berlin;1025.7;0.7
22.09.2021;Berlin;1024.5;0.2
23.09.2021;Berlin;1013.8;0.6
24.09.2021;Berlin;1012.1;0
25.09.2021;Berlin;1014.9;0.1
26.09.2021;Berlin;1017.3;0
27.09.2021;Berlin;1016.5;0.2
28.09.2021;Berlin;1020.9;0.5
29.09.2021;Berlin;1017.6;9.4
30.09.2021;Berlin;1023.1;0
01.10.2021;Berlin;1021;0
02.10.2021;Berlin;1013;0
03.10.2021;Berlin;1007.6;0.2
04.10.2021;Berlin;1016.4;0.5
05.10.2021;Berlin;1010.8;5.4
06.10.2021;Berlin;1015.4;0
07.10.2021;Berlin;1027.2;0
08.10.2021;Berlin;1031.9;0
09.10.2021;Berlin;1033.1;0
10.10.2021;Berlin;1028.6;0
11.10.2021;Berlin;1021;0.6
12.10.2021;Berlin;1015;0.4
13.10.2021;Berlin;1020;0.7
14.10.2021;Berlin;1019.4;2.2
15.10.2021;Berlin;1013.7;1.9
16.10.2021;Berlin;1020.1;0.2
17.10.2021;Berlin;1019.9;1.3
18.10.2021;Berlin;1023;0.3
19.10.2021;Berlin;1018.8;0.3
20.10.2021;Berlin;1006.7;0.7
21.10.2021;Berlin;995.7;3.4
22.10.2021;Berlin;1008.4;4.2
23.10.2021;Berlin;1022.8;0
24.10.2021;Berlin;1028.3;0
25.10.2021;Berlin;1020.5;0
26.10.2021;Berlin;1019.1;0.1
27.10.2021;Berlin;1022;0
28.10.2021;Berlin;1020.7;0
29.10.2021;Berlin;1014.1;0
30.10.2021;Berlin;1009.6;0
31.10.2021;Berlin;1008.2;0
01.11.2021;Berlin;1002.1;1.4
02.11.2021;Berlin;1000.8;1.4
03.11.2021;Berlin;1003.2;0
04.11.2021;Berlin;998.5;35.1
05.11.2021;Berlin;1015.6;4.3
06.11.2021;Berlin;1023.3;0.1
07.11.2021;Berlin;1011.2;3.7
08.11.2021;Berlin;1017.8;1.7
09.11.2021;Berlin;1027.5;0.2
10.11.2021;Berlin;1025.4;0
11.11.2021;Berlin;1023.6;0.2
12.11.2021;Berlin;1020.2;0
13.11.2021;Berlin;1014.8;0
14.11.2021;Berlin;1023.8;0.1
15.11.2021;Berlin;1028.8;0
16.11.2021;Berlin;1023.4;0
17.11.2021;Berlin;1019;0
18.11.2021;Berlin;1022.4;2.7
19.11.2021;Berlin;1021.8;0.3
20.11.2021;Berlin;1019.6;0.1
21.11.2021;Berlin;1009.7;0.7
22.11.2021;Berlin;1021.8;0
23.11.2021;Berlin;1025.4;0.8
24.11.2021;Berlin;1021.8;0.4
25.11.2021;Berlin;1009.2;0
26.11.2021;Berlin;998.6;0
27.11.2021;Berlin;992.5;4.1
28.11.2021;Berlin;996.3;0.8
29.11.2021;Berlin;1002;1.1
30.11.2021;Berlin;999.1;4.7
01.12.2021;Berlin;992.6;5.5
02.12.2021;Berlin;995.4;0.1
03.12.2021;Berlin;1006.5;0.7
04.12.2021;Berlin;1000;2.6
05.12.2021;Berlin;1003.8;1.6
06.12.2021;Berlin;1014.3;0
07.12.2021;Berlin;1011.6;0
08.12.2021;Berlin;1005.8;0
09.12.2021;Berlin;1005.4;2.4
10.12.2021;Berlin;1000.3;1.5
11.12.2021;Berlin;1012.5;0
12.12.2021;Berlin;1022.2;0.6
13.12.2021;Berlin;1025.1;1.4
14.12.2021;Berlin;1025.7;0.4
15.12.2021;Berlin;1028.2;0
16.12.2021;Berlin;1032.6;0.1
17.12.2021;Berlin;1036.4;0
18.12.2021;Berlin;1033.2;0.2
19.12.2021;Berlin;1021.3;2.3
20.12.2021;Berlin;1024.3;0
21.12.2021;Berlin;1026.3;0.1
22.12.2021;Berlin;1026.5;0
23.12.2021;Berlin;1011.8;5.8
24.12.2021;Berlin;999.9;8
25.12.2021;Berlin;1013;0
26.12.2021;Berlin;1014.5;0
27.12.2021;Berlin;1008.4;0
28.12.2021;Berlin;1000;1.7
29.12.2021;Berlin;1003.6;0.4
30.12.2021;Berlin;1010.8;2.9
31.12.2021;Berlin;1013.9;5.8
01.01.2022;Berlin;1020.9;0.5
02.01.2022;Berlin;1012.2;4
03.01.2022;Berlin;1005.8;2.6
04.01.2022;Berlin;996.3;1.8
05.01.2022;Berlin;997.3;1
06.01.2022;Berlin;1013.2;0.1
07.01.2022;Berlin;1013.4;0.9
08.01.2022;Berlin;1007.9;0.6
09.01.2022;Berlin;998.9;0.2
10.01.2022;Berlin;1019.3;0.5
11.01.2022;Berlin;1035;0
12.01.2022;Berlin;1035.9;0.2
13.01.2022;Berlin;1033.4;0
14.01.2022;Berlin;1028.8;0.2
15.01.2022;Berlin;1028.6;0
16.01.2022;Berlin;1020.1;0.4
17.01.2022;Berlin;1020.8;3.4
18.01.2022;Berlin;1034.1;0
19.01.2022;Berlin;1022.2;1.1
20.01.2022;Berlin;1014.4;1.7
21.01.2022;Berlin;1023.3;1.4
22.01.2022;Berlin;1026.5;0.8
23.01.2022;Berlin;1031.7;0.9
24.01.2022;Berlin;1033.8;0.5
25.01.2022;Berlin;1031.2;0.7
26.01.2022;Berlin;1026.9;0.5
27.01.2022;Berlin;1015.6;1
28.01.2022;Berlin;1022;0.7
29.01.2022;Berlin;1015.3;6.4
30.01.2022;Berlin;1012.1;0.4
31.01.2022;Berlin;1007.4;0.3
01.02.2022;Berlin;1005.5;4.2
02.02.2022;Berlin;1007.3;0.7
03.02.2022;Berlin;1015.2;4
04.02.2022;Berlin;1007.3;1.4
05.02.2022;Berlin;1012.4;1.5
06.02.2022;Berlin;999.6;7.3
07.02.2022;Berlin;1008.6;0.9
08.02.2022;Berlin;1021.1;2.1
09.02.2022;Berlin;1022;0.3
10.02.2022;Berlin;1017.7;1.3
11.02.2022;Berlin;1021.7;0.5
12.02.2022;Berlin;1030.6;0
13.02.2022;Berlin;1017;0
14.02.2022;Berlin;1006.2;0
15.02.2022;Berlin;1008.5;0.5
16.02.2022;Berlin;997.3;8.2
17.02.2022;Berlin;991;5.8
18.02.2022;Berlin;999.8;4.4
19.02.2022;Berlin;1003.3;1.8
20.02.2022;Berlin;1003.3;7.3
21.02.2022;Berlin;992.9;5.3
22.02.2022;Berlin;1009.2;2.3
23.02.2022;Berlin;1018.8;0.7
24.02.2022;Berlin;1011.6;0.4
25.02.2022;Berlin;1015.4;1.7
26.02.2022;Berlin;1030.8;0
27.02.2022;Berlin;1037.2;0
28.02.2022;Berlin;1036.3;0
01.03.2022;Berlin;1032.8;0
02.03.2022;Berlin;1026.1;0
03.03.2022;Berlin;1021.5;0
04.03.2022;Berlin;1023.8;0
05.03.2022;Berlin;1025.1;0
06.03.2022;Berlin;1025.4;0
07.03.2022;Berlin;1025.6;0
08.03.2022;Berlin;1026;0
09.03.2022;Berlin;1026.4;0
10.03.2022;Berlin;1030.8;0
11.03.2022;Berlin;1029.4;0
12.03.2022;Berlin;1025.7;0
13.03.2022;Berlin;1022.7;0
14.03.2022;Berlin;1025;1.1
15.03.2022;Berlin;1026.9;0.2
16.03.2022;Berlin;1027.7;0
17.03.2022;Berlin;1029.7;0
18.03.2022;Berlin;1041.2;0
19.03.2022;Berlin;1043.5;0
20.03.2022;Berlin;1039;0
21.03.2022;Berlin;1036.5;0
22.03.2022;Berlin;1034.5;0
23.03.2022;Berlin;1030.7;0
24.03.2022;Berlin;1029.4;0
25.03.2022;Berlin;1028.8;0
26.03.2022;Berlin;1028.4;0
27.03.2022;Berlin;1028.9;0
28.03.2022;Berlin;1020.5;0
29.03.2022;Berlin;1010.5;0
30.03.2022;Berlin;1005.4;0
31.03.2022;Berlin;1004.3;0
01.04.2022;Berlin;1006.2;0.1
02.04.2022;Berlin;1013.5;0
03.04.2022;Berlin;1017.5;0.1
04.04.2022;Berlin;1006.5;6.6
05.04.2022;Berlin;1000.4;4.5
06.04.2022;Berlin;998.9;1.4
07.04.2022;Berlin;987.2;7
08.04.2022;Berlin;992.4;2.1
09.04.2022;Berlin;1002.2;1.1
10.04.2022;Berlin;1014.4;1
11.04.2022;Berlin;1019.1;0
12.04.2022;Berlin;1018.5;0
13.04.2022;Berlin;1017.3;0
14.04.2022;Berlin;1018.5;3.5
15.04.2022;Berlin;1023.7;0.8
16.04.2022;Berlin;1033.4;0
17.04.2022;Berlin;1029.9;0
18.04.2022;Berlin;1020.6;0
19.04.2022;Berlin;1015.6;0
20.04.2022;Berlin;1016;0.2
21.04.2022;Berlin;1013.5;0.5
22.04.2022;Berlin;1010.7;0
23.04.2022;Berlin;1010.3;0
24.04.2022;Berlin;1005.2;0.1
25.04.2022;Berlin;1010.7;0
26.04.2022;Berlin;1016.4;0
27.04.2022;Berlin;1022.9;0
28.04.2022;Berlin;1027.6;0
29.04.2022;Berlin;1027.2;0
30.04.2022;Berlin;1022.6;0
01.05.2022;Berlin;1021.8;0
02.05.2022;Berlin;1019;0
03.05.2022;Berlin;1016.4;0
04.05.2022;Berlin;1017.3;0.5
05.05.2022;Berlin;1019.5;0.3
06.05.2022;Berlin;1023.6;0
07.05.2022;Berlin;1021.7;0.4
08.05.2022;Berlin;1024.8;0.2
09.05.2022;Berlin;1027.2;0
10.05.2022;Berlin;1018.8;0.1
11.05.2022;Berlin;1010.3;3.1
12.05.2022;Berlin;1013.3;0.8
13.05.2022;Berlin;1016.2;0
14.05.2022;Berlin;1018.3;0
15.05.2022;Berlin;1021.1;0
16.05.2022;Berlin;1018.4;2.3
17.05.2022;Berlin;1019.6;2.4
18.05.2022;Berlin;1024.3;0
19.05.2022;Berlin;1019.9;0
20.05.2022;Berlin;1016.4;6
21.05.2022;Berlin;1014.7;2.1
22.05.2022;Berlin;1015.8;0
23.05.2022;Berlin;1008.7;0.7
24.05.2022;Berlin;1004.3;2.4
25.05.2022;Berlin;1013.1;0.2
26.05.2022;Berlin;1015.6;1.2
27.05.2022;Berlin;1014;3
28.05.2022;Berlin;1012.5;0.8
29.05.2022;Berlin;1011.3;1.1
30.05.2022;Berlin;1011.7;0.1
31.05.2022;Berlin;1014.2;1.3
01.06.2022;Berlin;1013;3.5
02.06.2022;Berlin;1019.1;0
03.06.2022;Berlin;1020.1;0
04.06.2022;Berlin;1019.1;0
05.06.2022;Berlin;1017.8;2.8
06.06.2022;Berlin;1013.2;4.3
07.06.2022;Berlin;1012;0
08.06.2022;Berlin;1008.4;0.2
09.06.2022;Berlin;1010.2;0.1
10.06.2022;Berlin;1020.2;0
11.06.2022;Berlin;1020.5;0.3
12.06.2022;Berlin;1018.8;0.2
13.06.2022;Berlin;1017.2;0.4
14.06.2022;Berlin;1021.2;0
15.06.2022;Berlin;1019.2;0
16.06.2022;Berlin;1018.2;0
17.06.2022;Berlin;1022.5;0
18.06.2022;Berlin;1015.4;0
19.06.2022;Berlin;1007.9;3.8
20.06.2022;Berlin;1011.1;8.3
21.06.2022;Berlin;1013;0
22.06.2022;Berlin;1012.1;0
23.06.2022;Berlin;1013.6;0
24.06.2022;Berlin;1008.9;1.6
25.06.2022;Berlin;1010.6;3.8
26.06.2022;Berlin;1013.6;0.2
27.06.2022;Berlin;1012.7;1.3
28.06.2022;Berlin;1019.2;1.3
29.06.2022;Berlin;1016.9;0.2
30.06.2022;Berlin;1012.4;0
01.07.2022;Berlin;1014;2.9
02.07.2022;Berlin;1022.2;0
03.07.2022;Berlin;1017.3;0
04.07.2022;Berlin;1016.8;0
05.07.2022;Berlin;1019.2;0.1
06.07.2022;Berlin;1020.5;2
07.07.2022;Berlin;1016.6;7.6
08.07.2022;Berlin;1023.9;0
09.07.2022;Berlin;1021.8;2.3
10.07.2022;Berlin;1018.8;0
11.07.2022;Berlin;1020.2;0
12.07.2022;Berlin;1021.9;0
13.07.2022;Berlin;1017.7;0
14.07.2022;Berlin;1016.5;0
15.07.2022;Berlin;1018.3;0
16.07.2022;Berlin;1018.5;1
17.07.2022;Berlin;1025.2;0
18.07.2022;Berlin;1023.1;0
19.07.2022;Berlin;1019;0
20.07.2022;Berlin;1017;0
21.07.2022;Berlin;1015.8;1.2
22.07.2022;Berlin;1017.2;1.4
23.07.2022;Berlin;1016.9;3.6
24.07.2022;Berlin;1018.9;0
25.07.2022;Berlin;1010.3;3.6
26.07.2022;Berlin;1011.8;1.8
27.07.2022;Berlin;1016.8;0
28.07.2022;Berlin;1019.3;0
29.07.2022;Berlin;1017.4;0
30.07.2022;Berlin;1015.9;0
31.07.2022;Berlin;1014.7;0.2
01.08.2022;Berlin;1013.7;0.2
02.08.2022;Berlin;1017.5;0.1
03.08.2022;Berlin;1015.4;0
04.08.2022;Berlin;1012.8;0
05.08.2022;Berlin;1013.3;1.8
06.08.2022;Berlin;1024;0
07.08.2022;Berlin;1024.6;0
08.08.2022;Berlin;1023.8;0
09.08.2022;Berlin;1026.3;0
10.08.2022;Berlin;1026.2;0
11.08.2022;Berlin;1023.2;0
12.08.2022;Berlin;1021.1;0
13.08.2022;Berlin;1017.5;0.5
14.08.2022;Berlin;1011.1;0
15.08.2022;Berlin;1005.1;7.6
16.08.2022;Berlin;1007.9;0
17.08.2022;Berlin;1010.6;0
18.08.2022;Berlin;1010;11.5
19.08.2022;Berlin;1009.7;4.5
20.08.2022;Berlin;1013.4;2.1
21.08.2022;Berlin;1015.2;0
22.08.2022;Berlin;1016.5;0
23.08.2022;Berlin;1017.9;0
24.08.2022;Berlin;1020.2;0
25.08.2022;Berlin;1018.5;0
26.08.2022;Berlin;1013.1;21.8
27.08.2022;Berlin;1011.6;3.1
28.08.2022;Berlin;1015.3;0.1
29.08.2022;Berlin;1019;0.1
30.08.2022;Berlin;1021.4;0.2
31.08.2022;Berlin;1022.8;0
01.09.2022;Berlin;1022.8;0
02.09.2022;Berlin;1020.8;0
03.09.2022;Berlin;1018.5;0
04.09.2022;Berlin;1021.2;0
05.09.2022;Berlin;1024.2;0
06.09.2022;Berlin;1020.3;0
07.09.2022;Berlin;1014.3;0.7
08.09.2022;Berlin;1009.3;14
09.09.2022;Berlin;1010.7;0.1
10.09.2022;Berlin;1011.7;2.4
11.09.2022;Berlin;1015.2;1.1
12.09.2022;Berlin;1016.3;0
13.09.2022;Berlin;1008.6;1.3
14.09.2022;Berlin;1005.1;0
15.09.2022;Berlin;1003;0.1
16.09.2022;Berlin;1003.6;3.1
17.09.2022;Berlin;1003.9;2
18.09.2022;Berlin;1005.9;3.5
19.09.2022;Berlin;1011;4.9
20.09.2022;Berlin;1018.9;2.9
21.09.2022;Berlin;1024.8;0
22.09.2022;Berlin;1024.2;0
23.09.2022;Berlin;1018.7;0
24.09.2022;Berlin;1013.4;0.2
25.09.2022;Berlin;1011;0.1
26.09.2022;Berlin;1003.7;0.3
27.09.2022;Berlin;995.2;5.4
28.09.2022;Berlin;996.8;0.5
29.09.2022;Berlin;1002.8;0
30.09.2022;Berlin;1010.3;0
01.10.2022;Berlin;1007;3.4
02.10.2022;Berlin;1012.6;2
03.10.2022;Berlin;1019.9;0.4
04.10.2022;Berlin;1020.9;0
05.10.2022;Berlin;1017.2;0
06.10.2022;Berlin;1024.5;0
07.10.2022;Berlin;1024;0
08.10.2022;Berlin;1017.5;0.5
09.10.2022;Berlin;1024.9;0
10.10.2022;Berlin;1017.6;0
11.10.2022;Berlin;1023.8;0
12.10.2022;Berlin;1025.3;0
13.10.2022;Berlin;1019;0
14.10.2022;Berlin;1013.9;0.2
15.10.2022;Berlin;1008.5;0.7
16.10.2022;Berlin;1015.5;0
17.10.2022;Berlin;1022;0.7
18.10.2022;Berlin;1024.7;10.6
19.10.2022;Berlin;1026.7;0.1
20.10.2022;Berlin;1022.2;0.7
21.10.2022;Berlin;1011.8;2
22.10.2022;Berlin;1012.6;0.3
23.10.2022;Berlin;1014.8;1.5
24.10.2022;Berlin;1009.8;0.8
25.10.2022;Berlin;1014.3;1.1
26.10.2022;Berlin;1018.6;0
27.10.2022;Berlin;1024.1;0
28.10.2022;Berlin;1020.2;0
29.10.2022;Berlin;1020.1;0
30.10.2022;Berlin;1018;0
31.10.2022;Berlin;1019.5;0
01.11.2022;Berlin;1015.9;0.3
02.11.2022;Berlin;1019.2;0
03.11.2022;Berlin;1014.8;0
04.11.2022;Berlin;1005.6;2.4
05.11.2022;Berlin;1015.1;0.4
06.11.2022;Berlin;1015.6;0
07.11.2022;Berlin;1012.1;0
08.11.2022;Berlin;1012.2;0.1
09.11.2022;Berlin;1010.6;0.7
10.11.2022;Berlin;1021.5;0
11.11.2022;Berlin;1029.5;0
12.11.2022;Berlin;1032.5;0
13.11.2022;Berlin;1028.2;0
14.11.2022;Berlin;1019.3;0
15.11.2022;Berlin;1012.1;0
16.11.2022;Berlin;1006.7;0.1
17.11.2022;Berlin;1003.3;0.7
18.11.2022;Berlin;1007.6;0.1
19.11.2022;Berlin;1013.1;1.3
20.11.2022;Berlin;1009.4;0.3
21.11.2022;Berlin;1004.6;0
22.11.2022;Berlin;1002;0
23.11.2022;Berlin;1004.5;0
24.11.2022;Berlin;1011;0
25.11.2022;Berlin;1017.1;2.4
26.11.2022;Berlin;1026.8;0.4
27.11.2022;Berlin;1026.3;0
28.11.2022;Berlin;1017.4;0
29.11.2022;Berlin;1019;0.1
30.11.2022;Berlin;1025.3;0
01.12.2022;Berlin;1028.6;0.4
02.12.2022;Berlin;1026.7;0.2
03.12.2022;Berlin;1024.4;0.5
04.12.2022;Berlin;1020.4;1.1
05.12.2022;Berlin;1018;1.3
06.12.2022;Berlin;1014.9;0.7
07.12.2022;Berlin;1009.7;1.8
08.12.2022;Berlin;1006.8;1.9
09.12.2022;Berlin;1008.1;0
10.12.2022;Berlin;1010.1;0
11.12.2022;Berlin;1010.2;0.1
12.12.2022;Berlin;1010.8;0.2
13.12.2022;Berlin;1012.3;0
14.12.2022;Berlin;1006.3;0
15.12.2022;Berlin;1008.2;0
16.12.2022;Berlin;1014.9;0
17.12.2022;Berlin;1026.4;0
18.12.2022;Berlin;1033.2;0
19.12.2022;Berlin;1023.4;4.6
20.12.2022;Berlin;1015.9;2.8
21.12.2022;Berlin;1010.5;1.5
22.12.2022;Berlin;1004.8;2.7
23.12.2022;Berlin;1003.7;6.7
24.12.2022;Berlin;1009.3;3.6
25.12.2022;Berlin;1016;6.6
26.12.2022;Berlin;1010.7;0.4
27.12.2022;Berlin;1020.6;0
28.12.2022;Berlin;1013.8;1.1
29.12.2022;Berlin;1005.3;1.2
30.12.2022;Berlin;1010.7;1.3
31.12.2022;Berlin;1007.9;0.6
01.01.2023;Berlin;1014.6;0
02.01.2023;Berlin;1015.7;0.3
03.01.2023;Berlin;1026.3;0
04.01.2023;Berlin;1015.3;13.5
05.01.2023;Berlin;1012.4;2.4
06.01.2023;Berlin;1017.8;0.8
07.01.2023;Berlin;1015.6;0.3
08.01.2023;Berlin;1005.7;1.8
09.01.2023;Berlin;999.9;2.2
10.01.2023;Berlin;1014.5;0.1
11.01.2023;Berlin;1011.1;7.6
12.01.2023;Berlin;1007.8;2.2
13.01.2023;Berlin;1005.2;0.6
14.01.2023;Berlin;1008.6;10.4
15.01.2023;Berlin;998.3;1.2
16.01.2023;Berlin;992.6;0.1
17.01.2023;Berlin;985.2;0.4
18.01.2023;Berlin;995.2;0.3
19.01.2023;Berlin;1004.6;0
20.01.2023;Berlin;1015.9;0
21.01.2023;Berlin;1025.7;4.5
22.01.2023;Berlin;1029.9;0.3
23.01.2023;Berlin;1037.3;0
24.01.2023;Berlin;1039.8;0
25.01.2023;Berlin;1032.4;0
26.01.2023;Berlin;1022.2;0
27.01.2023;Berlin;1024.2;0.2
28.01.2023;Berlin;1027.7;0
29.01.2023;Berlin;1022.6;0.3
30.01.2023;Berlin;1007.3;2.5
31.01.2023;Berlin;1013;4.6
01.02.2023;Berlin;1008.6;7.1
02.02.2023;Berlin;1015.3;2.6
03.02.2023;Berlin;1013.6;6.7
04.02.2023;Berlin;1033.8;0
05.02.2023;Berlin;1038.6;0
06.02.2023;Berlin;1039.8;0.5
07.02.2023;Berlin;1042.3;0
08.02.2023;Berlin;1041.1;0
09.02.2023;Berlin;1033;0
10.02.2023;Berlin;1032.7;0
11.02.2023;Berlin;1028.1;0.5
12.02.2023;Berlin;1036.2;0.2
13.02.2023;Berlin;1037.1;0
14.02.2023;Berlin;1035.8;0
15.02.2023;Berlin;1027.8;0
16.02.2023;Berlin;1022.1;0.6
17.02.2023;Berlin;1013.6;2.9
18.02.2023;Berlin;1012.7;12
19.02.2023;Berlin;1017.8;0.6
20.02.2023;Berlin;1015;0.7
21.02.2023;Berlin;1013.7;1.1
22.02.2023;Berlin;1016;0
23.02.2023;Berlin;1012;0.9
24.02.2023;Berlin;1002.7;2.9
25.02.2023;Berlin;1001.1;2.7
26.02.2023;Berlin;1019.4;0.1
27.02.2023;Berlin;1028.7;0.1
28.02.2023;Berlin;1031.7;0
01.03.2023;Berlin;1028.9;0
02.03.2023;Berlin;1024.8;0
03.03.2023;Berlin;1022;0
04.03.2023;Berlin;1016.2;0.1
05.03.2023;Berlin;1010.8;1.2
06.03.2023;Berlin;1003.3;1.7
07.03.2023;Berlin;995.3;1.5
08.03.2023;Berlin;997.4;1
09.03.2023;Berlin;996.7;5.9
10.03.2023;Berlin;989.5;11.5
11.03.2023;Berlin;1002.3;2.5
12.03.2023;Berlin;1009.9;1.1
13.03.2023;Berlin;998.7;2.8
14.03.2023;Berlin;993.5;6.6
15.03.2023;Berlin;1013.3;0.1
16.03.2023;Berlin;1021.2;0
17.03.2023;Berlin;1014.2;0
18.03.2023;Berlin;1011.9;0.8
19.03.2023;Berlin;1014.4;5.4
20.03.2023;Berlin;1016.3;0
21.03.2023;Berlin;1014.9;1
22.03.2023;Berlin;1008.8;0.5
23.03.2023;Berlin;1005.2;3.6
24.03.2023;Berlin;1002.1;1.4
25.03.2023;Berlin;1002.1;4.8
26.03.2023;Berlin;1001.8;0.3
27.03.2023;Berlin;1010.9;1
28.03.2023;Berlin;1020.9;0.1
29.03.2023;Berlin;1016.8;0.2
30.03.2023;Berlin;1006.6;5
31.03.2023;Berlin;999.8;5.1
01.04.2023;Berlin;1001;3.9
02.04.2023;Berlin;1020.2;0
03.04.2023;Berlin;1031.3;0
04.04.2023;Berlin;1028.3;0
05.04.2023;Berlin;1023.2;0.1
06.04.2023;Berlin;1021;0
07.04.2023;Berlin;1019.9;1.7
08.04.2023;Berlin;1023.5;0
09.04.2023;Berlin;1026.6;0
10.04.2023;Berlin;1022.4;0.8
11.04.2023;Berlin;1010.2;4.9
12.04.2023;Berlin;1005.8;1.7
13.04.2023;Berlin;1004.1;0.6
14.04.2023;Berlin;1008;10.7
15.04.2023;Berlin;1008;5.2
16.04.2023;Berlin;1017.9;1.7
17.04.2023;Berlin;1024.6;2.2
18.04.2023;Berlin;1027.5;0
19.04.2023;Berlin;1023.8;4.7
20.04.2023;Berlin;1020.5;0.1
21.04.2023;Berlin;1018;0
22.04.2023;Berlin;1012.2;0.5
23.04.2023;Berlin;1006.8;1.7
24.04.2023;Berlin;1003;0.3
25.04.2023;Berlin;1008.2;0
26.04.2023;Berlin;1015.4;0.1
27.04.2023;Berlin;1019.9;0
28.04.2023;Berlin;1015.5;1.4
29.04.2023;Berlin;1012.9;0.8
30.04.2023;Berlin;1022.3;0
01.05.2023;Berlin;1017;0
02.05.2023;Berlin;1019.4;0
03.05.2023;Berlin;1027.4;0
04.05.2023;Berlin;1023.9;0
05.05.2023;Berlin;1019.5;5.6
06.05.2023;Berlin;1018.5;3.9
07.05.2023;Berlin;1023.5;0
08.05.2023;Berlin;1026.5;0
09.05.2023;Berlin;1019.8;0
10.05.2023;Berlin;1011.8;0
11.05.2023;Berlin;1014.9;0
12.05.2023;Berlin;1018.7;0
13.05.2023;Berlin;1021.1;0
14.05.2023;Berlin;1017.5;0
15.05.2023;Berlin;1008.9;1.1
16.05.2023;Berlin;1013.5;0
17.05.2023;Berlin;1021.7;0
18.05.2023;Berlin;1027.3;0
19.05.2023;Berlin;1026.5;0
20.05.2023;Berlin;1024;0
21.05.2023;Berlin;1018.6;0
22.05.2023;Berlin;1015.7;0
23.05.2023;Berlin;1012.6;1.7
24.05.2023;Berlin;1020;0
25.05.2023;Berlin;1024;0
26.05.2023;Berlin;1026.3;0
27.05.2023;Berlin;1026.4;0
28.05.2023;Berlin;1020.5;0
29.05.2023;Berlin;1021.1;0
30.05.2023;Berlin;1023.7;0
31.05.2023;Berlin;1023.2;0
01.06.2023;Berlin;1017;0
02.06.2023;Berlin;1019.4;0.1
03.06.2023;Berlin;1023.1;0
04.06.2023;Berlin;1021.7;0
05.06.2023;Berlin;1020.6;0
06.06.2023;Berlin;1018.8;0
07.06.2023;Berlin;1017.9;0
08.06.2023;Berlin;1016.2;0
09.06.2023;Berlin;1015.4;0
10.06.2023;Berlin;1017;0.5
11.06.2023;Berlin;1019.6;0
12.06.2023;Berlin;1019.3;0
13.06.2023;Berlin;1016.2;0
14.06.2023;Berlin;1018.1;0
15.06.2023;Berlin;1017.2;2.2
16.06.2023;Berlin;1014.6;14.9
17.06.2023;Berlin;1013.3;2.8
18.06.2023;Berlin;1013.9;0
19.06.2023;Berlin;1012.9;0.1
20.06.2023;Berlin;1013;4.7
21.06.2023;Berlin;1014.2;0.7
22.06.2023;Berlin;1017.5;14.4
23.06.2023;Berlin;1015;24.3
24.06.2023;Berlin;1022.3;0
25.06.2023;Berlin;1019;0.1
26.06.2023;Berlin;1013.3;17.3
27.06.2023;Berlin;1014.9;4.6
28.06.2023;Berlin;1015.3;0.1
29.06.2023;Berlin;1014.4;0.4
30.06.2023;Berlin;1010.1;3.3
01.07.2023;Berlin;1005.6;1.1
02.07.2023;Berlin;1005.4;0.5
03.07.2023;Berlin;1008.8;0
04.07.2023;Berlin;1011.3;0.1
05.07.2023;Berlin;1010.5;0.9
06.07.2023;Berlin;1016.9;0
07.07.2023;Berlin;1021.4;0
08.07.2023;Berlin;1020.3;0
09.07.2023;Berlin;1020.1;0.3
10.07.2023;Berlin;1017.3;0.9
11.07.2023;Berlin;1015.6;0
12.07.2023;Berlin;1008.4;0.1
13.07.2023;Berlin;1014.1;0.5
14.07.2023;Berlin;1016.3;0
15.07.2023;Berlin;1009.6;1.9
16.07.2023;Berlin;1012;0.5
17.07.2023;Berlin;1016;0
18.07.2023;Berlin;1018.3;0
19.07.2023;Berlin;1011.2;1.7
20.07.2023;Berlin;1011.5;0.2
21.07.2023;Berlin;1010.9;4.9
22.07.2023;Berlin;1012.2;0.2
23.07.2023;Berlin;1008.8;0.2
24.07.2023;Berlin;1002.9;18.8
25.07.2023;Berlin;1003.2;0.6
26.07.2023;Berlin;1009.2;2.9
27.07.2023;Berlin;1008.3;8.8
28.07.2023;Berlin;1004.5;5.2
29.07.2023;Berlin;1006.9;8.2
30.07.2023;Berlin;1009;1.5
31.07.2023;Berlin;1007.5;3.1
01.08.2023;Berlin;998.3;4.8
02.08.2023;Berlin;998.3;3
03.08.2023;Berlin;997.1;6.1
04.08.2023;Berlin;1009.4;0.2
05.08.2023;Berlin;1012.7;0.4
06.08.2023;Berlin;1004.3;4.5
07.08.2023;Berlin;1004.6;1.1
08.08.2023;Berlin;1009.2;3.8
09.08.2023;Berlin;1013.6;0.4
10.08.2023;Berlin;1019.8;0
11.08.2023;Berlin;1021.1;0
12.08.2023;Berlin;1016.8;3
13.08.2023;Berlin;1017;0
14.08.2023;Berlin;1015.8;7.7
15.08.2023;Berlin;1015.2;5.4
16.08.2023;Berlin;1019.3;1.1
17.08.2023;Berlin;1019.1;2.2
18.08.2023;Berlin;1017.4;0.2
19.08.2023;Berlin;1017;0
20.08.2023;Berlin;1020.3;0
21.08.2023;Berlin;1021.8;0
22.08.2023;Berlin;1019.4;0.1
23.08.2023;Berlin;1018.5;0
24.08.2023;Berlin;1015.8;0
25.08.2023;Berlin;1008.5;1.5
26.08.2023;Berlin;1009.4;0.5
27.08.2023;Berlin;1009.6;0.7
28.08.2023;Berlin;1010.2;0
29.08.2023;Berlin;1008.8;5.5
30.08.2023;Berlin;1006.8;0.2
31.08.2023;Berlin;1008.2;3
01.09.2023;Berlin;1013.4;0.1
02.09.2023;Berlin;1019.5;0
03.09.2023;Berlin;1025.2;0
04.09.2023;Berlin;1027.7;0
05.09.2023;Berlin;1023.8;0
06.09.2023;Berlin;1022.7;0
07.09.2023;Berlin;1023.6;0
08.09.2023;Berlin;1020.7;0
09.09.2023;Berlin;1017.8;0
10.09.2023;Berlin;1016.7;0
11.09.2023;Berlin;1013.8;0
12.09.2023;Berlin;1011.6;3.2
13.09.2023;Berlin;1012.5;7
14.09.2023;Berlin;1021.4;0
15.09.2023;Berlin;1021.8;0
16.09.2023;Berlin;1017.3;0
17.09.2023;Berlin;1015;0
18.09.2023;Berlin;1008.8;0.5
19.09.2023;Berlin;1008.8;0
20.09.2023;Berlin;1009.8;0
21.09.2023;Berlin;1003.3;0.6
22.09.2023;Berlin;1002.3;1.2
23.09.2023;Berlin;1012.2;0
24.09.2023;Berlin;1025.3;0
25.09.2023;Berlin;1026.4;0
26.09.2023;Berlin;1022.7;0
27.09.2023;Berlin;1020.2;0
28.09.2023;Berlin;1017;0
29.09.2023;Berlin;1016.4;1.2
30.09.2023;Berlin;1023.1;0
01.10.2023;Berlin;1023;0.4
02.10.2023;Berlin;1019.8;0
03.10.2023;Berlin;1011.9;7.2
04.10.2023;Berlin;1022;0.1
05.10.2023;Berlin;1021;1.8
06.10.2023;Berlin;1021;1
07.10.2023;Berlin;1014.6;13.1
08.10.2023;Berlin;1023;2.8
09.10.2023;Berlin;1018.2;3.8
10.10.2023;Berlin;1017.5;1.1
11.10.2023;Berlin;1011;0.8
12.10.2023;Berlin;1011.8;2.9
13.10.2023;Berlin;1008.8;0.9
14.10.2023;Berlin;1005.1;1.9
15.10.2023;Berlin;1013.9;0
16.10.2023;Berlin;1019.7;0.1
17.10.2023;Berlin;1021.1;0
18.10.2023;Berlin;1014.8;0
19.10.2023;Berlin;1000.5;2.5
20.10.2023;Berlin;991.9;7
21.10.2023;Berlin;996.7;1.1
22.10.2023;Berlin;1007.4;0.9
23.10.2023;Berlin;1013.8;0.2
24.10.2023;Berlin;1006.3;10.4
25.10.2023;Berlin;1001.1;4
26.10.2023;Berlin;994.6;5
27.10.2023;Berlin;994.6;4.8
28.10.2023;Berlin;999.4;5.6
29.10.2023;Berlin;1000.1;4.4
30.10.2023;Berlin;1001.9;0.9
31.10.2023;Berlin;997.8;3.6
01.11.2023;Berlin;1005.1;0.2
02.11.2023;Berlin;992.4;3
03.11.2023;Berlin;986.4;0.3
04.11.2023;Berlin;988;1.3
05.11.2023;Berlin;980.7;5.1
06.11.2023;Berlin;998.9;0.5
07.11.2023;Berlin;1009.1;0
08.11.2023;Berlin;1011.3;0.2
09.11.2023;Berlin;1004.9;0.2
10.11.2023;Berlin;1000.1;0.3
11.11.2023;Berlin;1001.5;0.4
12.11.2023;Berlin;1006.5;0.5
13.11.2023;Berlin;1005.5;4.6
14.11.2023;Berlin;998.6;2.6
15.11.2023;Berlin;1008.1;2.6
16.11.2023;Berlin;1010.8;1.9
17.11.2023;Berlin;1014.3;0.3
18.11.2023;Berlin;1023;3
19.11.2023;Berlin;1007.6;11.5
20.11.2023;Berlin;1005.5;9.6
21.11.2023;Berlin;1015.5;0.8
22.11.2023;Berlin;1027.5;0
23.11.2023;Berlin;1009.7;4.4
24.11.2023;Berlin;997.8;3.2
25.11.2023;Berlin;1003.5;0.4
26.11.2023;Berlin;1011.5;0
27.11.2023;Berlin;1005.7;1.6
28.11.2023;Berlin;1001.2;0.7
29.11.2023;Berlin;1001.8;2.1
30.11.2023;Berlin;1003.7;0
01.12.2023;Berlin;1006.4;0
02.12.2023;Berlin;1010.7;0.1
03.12.2023;Berlin;1020;0.1
04.12.2023;Berlin;1017.3;0
05.12.2023;Berlin;1010;0.7
06.12.2023;Berlin;1012.2;2.2
07.12.2023;Berlin;1019.4;0
08.12.2023;Berlin;1014.3;0.5
09.12.2023;Berlin;1009.6;2
10.12.2023;Berlin;1001.6;6.8
11.12.2023;Berlin;997.6;14.3
12.12.2023;Berlin;1005.7;1.8
13.12.2023;Berlin;1000.7;6.6
14.12.2023;Berlin;1014.4;0.3
15.12.2023;Berlin;1030.1;0.2
16.12.2023;Berlin;1034.5;0
17.12.2023;Berlin;1032;0
18.12.2023;Berlin;1027.1;0
19.12.2023;Berlin;1016.1;7.2
20.12.2023;Berlin;1006.8;5.8
21.12.2023;Berlin;988.5;11.8
22.12.2023;Berlin;988.5;2.1
23.12.2023;Berlin;999.2;5.7
24.12.2023;Berlin;998.7;10.7
25.12.2023;Berlin;1000.8;7.7
26.12.2023;Berlin;1006.4;6
27.12.2023;Berlin;1019;0.1
28.12.2023;Berlin;1011.1;0
29.12.2023;Berlin;1006.5;2.6
30.12.2023;Berlin;1009.8;2
31.12.2023;Berlin;1007.1;0.3
01.01.2024;Berlin;1005;1.1
02.01.2024;Berlin;999.3;8.7
03.01.2024;Berlin;989.4;3.1
04.01.2024;Berlin;997;2
05.01.2024;Berlin;1005.6;3.4
06.01.2024;Berlin;1010.8;0.1
07.01.2024;Berlin;1022.7;0.1
08.01.2024;Berlin;1033.1;0
09.01.2024;Berlin;1037.4;0
10.01.2024;Berlin;1033.7;0
11.01.2024;Berlin;1030.2;0
12.01.2024;Berlin;1027.8;0.1
13.01.2024;Berlin;1014.7;2.2
14.01.2024;Berlin;1001.9;1
15.01.2024;Berlin;993.5;1.7
16.01.2024;Berlin;1004.6;1.4
17.01.2024;Berlin;996;0.8
18.01.2024;Berlin;996.6;0
19.01.2024;Berlin;1013.6;0
20.01.2024;Berlin;1024.6;0
21.01.2024;Berlin;1024.6;0
22.01.2024;Berlin;1010.1;2.8
23.01.2024;Berlin;1017.3;2.5
24.01.2024;Berlin;1010;5.5
25.01.2024;Berlin;1020.9;0
26.01.2024;Berlin;1021.2;3.5
27.01.2024;Berlin;1024.6;0
28.01.2024;Berlin;1010.1;0
29.01.2024;Berlin;1017.3;0
